exchange_id,scooter_id,swapIn_X,swapIn_Y,trip_1_distance,swapout_X,swapout_Y,trip_last_distance,total_distance
f8c59809-6c80-46a9-87a5-99cf7cdcfd3c,03a6729f-8045-4ada-9110-3ec91079c83c,198030.68511223717,2507671.071567464,0.2,194327.4049099363,2488021.9779266063,8.5,16400.000000000004
0c94410b-48c3-40dc-8daf-207955fb9e32,03a6729f-8045-4ada-9110-3ec91079c83c,200716.1501312906,2491363.867000535,19.700000000000003,198030.68511223717,2507671.071567464,2.2,19700.000000000004
1a6a0549-eafe-4206-889f-6a8a5b84fc2e,03a6729f-8045-4ada-9110-3ec91079c83c,194327.4049099363,2488021.9779266063,10.4,200716.1501312906,2491363.867000535,12.0,10400.0
620ccf19-c3e3-4f70-a7f8-dde0cbe03914,03a6729f-8045-4ada-9110-3ec91079c83c,199385.13441989318,2482671.132000322,17.5,194327.4049099363,2488021.9779266063,8.700000000000001,24100.0
d6d57dd9-3dc6-46be-b31e-7de636077e02,03a6729f-8045-4ada-9110-3ec91079c83c,203140.18674812707,2479853.3122367198,4.4,199385.13441989318,2482671.132000322,1.4000000000000001,4700.0
d9a1692d-3272-4267-b091-86a3b705d6d6,03a6729f-8045-4ada-9110-3ec91079c83c,203140.18674812707,2479853.3122367198,9.5,203140.18674812707,2479853.3122367198,9.4,11700.0
635c1167-d9cd-4127-8b7f-c50dedc7998f,03a6729f-8045-4ada-9110-3ec91079c83c,194268.69285183673,2485727.628316323,3.3000000000000003,203140.18674812707,2479853.3122367198,14.0,3300.0000000000005
ed627870-b0bb-4805-b504-d257618001a4,03a6729f-8045-4ada-9110-3ec91079c83c,203140.18674812707,2479853.3122367198,3.9000000000000004,194268.69285183673,2485727.628316323,0.1,25900.000000000004
6cb5c054-b458-439d-bf32-adc119de5304,03a6729f-8045-4ada-9110-3ec91079c83c,194268.69285183673,2485727.628316323,1.5,199385.13441989318,2482671.132000322,0.30000000000000004,20400.000000000004
033554a8-3d2e-4c67-846b-62c1780f9edc,03a6729f-8045-4ada-9110-3ec91079c83c,203099.00706960037,2479853.4370529847,5.2,194268.69285183673,2485727.628316323,1.9000000000000001,7400.0
8658eac4-116c-4484-a488-99d97f388e67,03a6729f-8045-4ada-9110-3ec91079c83c,203140.18674812707,2479853.3122367198,2.8000000000000003,203099.00706960037,2479853.4370529847,9.4,9400.0
7df347dd-5bf9-4f44-97ac-a46e5f44e9f0,03a6729f-8045-4ada-9110-3ec91079c83c,199385.13441989318,2482671.132000322,9.0,203140.18674812707,2479853.3122367198,4.2,19500.0
8353e3ab-6694-4c65-98fa-2fa56f3450e0,03a6729f-8045-4ada-9110-3ec91079c83c,200716.1501312906,2491363.867000535,9.0,199385.13441989318,2482671.132000322,0.9,30200.0
440ae4e5-92ce-4773-838a-0aa9522ac1ac,03a6729f-8045-4ada-9110-3ec91079c83c,199385.13441989318,2482671.132000322,8.700000000000001,200716.1501312906,2491363.867000535,3.4000000000000004,23600.0
b9abccc8-52f6-43bc-bfc1-ed893e9b68ee,03a6729f-8045-4ada-9110-3ec91079c83c,200716.1501312906,2491363.867000535,3.1,199385.13441989318,2482671.132000322,13.700000000000001,20300.000000000004
473e40c4-796b-4f56-8455-3675442a7e84,03a6729f-8045-4ada-9110-3ec91079c83c,199385.13441989318,2482671.132000322,9.0,193940.68119286955,2485889.486966598,0.7000000000000001,13600.000000000002
de05bfe2-651f-48b3-8a43-2562bab2f427,03a6729f-8045-4ada-9110-3ec91079c83c,204296.06822762944,2494002.582058292,16.400000000000002,199385.13441989318,2482671.132000322,1.4000000000000001,17500.0
5ae9911d-f2fe-48f5-92df-0cf03267dbe4,03a6729f-8045-4ada-9110-3ec91079c83c,197381.5491196521,2506844.2377449065,2.9000000000000004,202047.94901739745,2504851.213601172,7.2,2900.0000000000005
691aa0d5-28bd-47a9-a92f-bafdeeec1434,03a6729f-8045-4ada-9110-3ec91079c83c,200716.1501312906,2491363.867000535,18.8,197381.5491196521,2506844.2377449065,18.8,18800.0
b9dd066b-0247-42ba-a126-39753f825aab,03a6729f-8045-4ada-9110-3ec91079c83c,199385.13441989318,2482671.132000322,10.200000000000001,200716.1501312906,2491363.867000535,10.200000000000001,10200.000000000002
5b1b872a-e983-4356-ba82-2992399c47a5,03a6729f-8045-4ada-9110-3ec91079c83c,199385.13441989318,2482671.132000322,0.8,199385.13441989318,2482671.132000322,0.9,4800.000000000001
0d40982c-a91b-4adf-8402-a7bc82b5c8fe,03a6729f-8045-4ada-9110-3ec91079c83c,200716.1501312906,2491363.867000535,10.8,199385.13441989318,2482671.132000322,0.1,15100.0
53ef9600-d28e-4795-a996-810706c74aee,03a6729f-8045-4ada-9110-3ec91079c83c,202047.94901739745,2504851.213601172,3.3000000000000003,200716.1501312906,2491363.867000535,13.0,3300.0000000000005
c7940630-d731-4aad-8d12-fb090b848a17,03a6729f-8045-4ada-9110-3ec91079c83c,197182.36408291745,2507791.025569529,0.7000000000000001,202047.94901739745,2504851.213601172,5.9,1800.0000000000002
16111936-bb7e-45db-91a8-22089c43f256,03a6729f-8045-4ada-9110-3ec91079c83c,200716.1501312906,2491363.867000535,22.1,197182.36408291745,2507791.025569529,22.1,22100.0
6d64c73a-d511-4edb-b3c1-e09c05b68eff,03a6729f-8045-4ada-9110-3ec91079c83c,202047.94901739745,2504851.213601172,20.900000000000002,202563.4485591085,2488056.433929821,20.900000000000002,20900.000000000004
b7b6ec9c-8b6d-4d9c-a994-3f6ff06044df,03a6729f-8045-4ada-9110-3ec91079c83c,197430.54955192577,2499324.799771421,9.3,202047.94901739745,2504851.213601172,3.4000000000000004,9300.0
97370c65-7bac-40f1-b635-ecabc6b8d995,03a6729f-8045-4ada-9110-3ec91079c83c,199385.13441989318,2482671.132000322,7.2,199385.13441989318,2482671.132000322,1.5,28500.0
f83f0c54-b740-43f9-afc8-13ec627c1816,03a6729f-8045-4ada-9110-3ec91079c83c,197430.54955192577,2499324.799771421,9.3,202563.4485591085,2488056.433929821,24.200000000000003,9300.0
81b0bf2a-5096-40be-af1e-7693f6f18f36,03a6729f-8045-4ada-9110-3ec91079c83c,194268.69285183673,2485727.628316323,0.4,199385.13441989318,2482671.132000322,1.4000000000000001,15600.000000000002
712a2432-c510-437a-9105-e5258c4ae77a,10a805da-2f78-4a80-aaf1-4a5519808082,305786.7478812649,2773927.2364315717,0.2,306688.78972017264,2771103.6012377082,1.5,9000.0
7ea0bfb6-3c8f-4257-988b-ed5324348988,10a805da-2f78-4a80-aaf1-4a5519808082,312057.86430286086,2770989.038883325,16.1,305786.7478812649,2773927.2364315717,7.9,16100.000000000002
3cd8cb25-be15-43e9-a516-7c7b9378a9e4,10a805da-2f78-4a80-aaf1-4a5519808082,316436.2800386845,2764990.3164663464,11.600000000000001,312057.86430286086,2770989.038883325,11.600000000000001,11600.000000000002
7a5acf45-27e5-48c4-bfe0-f565eb61159d,10a805da-2f78-4a80-aaf1-4a5519808082,321577.2904050009,2758741.677253732,18.5,316436.2800386845,2764990.3164663464,18.5,18500.0
15408d5a-2304-4f47-83da-452bf3964538,10a805da-2f78-4a80-aaf1-4a5519808082,328604.95928001485,2747253.809699857,34.1,321577.2904050009,2758741.677253732,34.1,34100.0
a16a679e-6f6f-4da8-a081-5b23358d5918,10a805da-2f78-4a80-aaf1-4a5519808082,335791.25383105566,2721313.8276000223,33.5,328604.95928001485,2747253.809699857,33.5,33500.0
a6711677-28bf-4cd7-a80a-46dc3a993c23,10a805da-2f78-4a80-aaf1-4a5519808082,330877.6497268643,2706635.583469442,14.700000000000001,335791.25383105566,2721313.8276000223,11.5,15800.0
21aac83c-7d33-4718-b70c-8e29bcf48508,10a805da-2f78-4a80-aaf1-4a5519808082,325486.4993022196,2690319.8317876807,25.5,330877.6497268643,2706635.583469442,25.5,25500.0
2f4e0ceb-6680-4445-905a-c134a3af5ed6,10a805da-2f78-4a80-aaf1-4a5519808082,313585.75082155236,2671958.7154330644,0.6000000000000001,325486.4993022196,2690319.8317876807,28.400000000000002,600.0000000000001
8706b633-a5f5-4c1f-a5ae-3019ee5f18cd,10a805da-2f78-4a80-aaf1-4a5519808082,314244.7978207354,2654871.5167157394,0.5,313585.75082155236,2671958.7154330644,6.1000000000000005,16800.0
6b54825d-458c-4e78-9417-c414feed1ba5,10a805da-2f78-4a80-aaf1-4a5519808082,311080.0662447879,2652414.2474309434,4.3,314244.7978207354,2654871.5167157394,4.3,4300.0
0b9bf6fa-ab6d-4968-8afc-d4a495fe8481,10a805da-2f78-4a80-aaf1-4a5519808082,310008.25811359583,2651173.6150824446,1.9000000000000001,311080.0662447879,2652414.2474309434,1.9000000000000001,1900.0000000000002
a82cd996-6741-44fb-a756-a27412038eec,10a805da-2f78-4a80-aaf1-4a5519808082,305983.65993205557,2649976.743349403,4.800000000000001,310008.25811359583,2651173.6150824446,4.800000000000001,4800.000000000001
004f9422-e676-44fe-8c9f-48288396c296,10a805da-2f78-4a80-aaf1-4a5519808082,301815.19499254524,2640436.1368850474,6.9,305983.65993205557,2649976.743349403,8.4,6900.0
89f2384f-0f83-4382-a4f1-843aca2fd788,10a805da-2f78-4a80-aaf1-4a5519808082,292620.3652623206,2616698.2726139147,28.700000000000003,301815.19499254524,2640436.1368850474,28.700000000000003,28700.000000000004
1280068a-c0b8-45a5-bfdf-e7fa46895b96,10a805da-2f78-4a80-aaf1-4a5519808082,303100.79643766006,2611081.7584518725,20.1,292620.3652623206,2616698.2726139147,20.1,20100.0
d7d51baf-0157-4a91-ac75-da7f3c421aa3,10a805da-2f78-4a80-aaf1-4a5519808082,288531.0075553587,2598992.628008316,38.5,303100.79643766006,2611081.7584518725,38.5,38500.0
774dc75c-a251-4c72-8909-8d392c2b62e0,10a805da-2f78-4a80-aaf1-4a5519808082,281932.92169247085,2581260.0982429394,1.2000000000000002,288531.0075553587,2598992.628008316,23.400000000000002,1200.0000000000002
c1757e86-66da-4f55-91d4-e05b0516ca9b,10a805da-2f78-4a80-aaf1-4a5519808082,281932.92169247085,2581260.0982429394,11.700000000000001,281932.92169247085,2581260.0982429394,22.6,41600.0
2417207f-f286-4a49-8dc6-2ea2dbf3e646,10a805da-2f78-4a80-aaf1-4a5519808082,281932.92169247085,2581260.0982429394,1.5,281932.92169247085,2581260.0982429394,1.1,2500.0
ff44e5c0-8bf2-4f64-a778-892ec541e1cb,10a805da-2f78-4a80-aaf1-4a5519808082,275847.03710992966,2564565.807914089,20.0,281932.92169247085,2581260.0982429394,20.0,20000.0
6b988d15-4f3a-40ca-a80c-79382849dc01,10a805da-2f78-4a80-aaf1-4a5519808082,271789.2351259433,2557684.508695696,9.700000000000001,275847.03710992966,2564565.807914089,9.700000000000001,9700.000000000002
7ad174e5-fb4e-4393-888c-c54987acf0ab,10a805da-2f78-4a80-aaf1-4a5519808082,259473.84367830688,2528012.3738641883,40.2,271789.2351259433,2557684.508695696,40.2,40200.0
814bfcef-1c27-4b6f-ba46-5d94ce619a97,10a805da-2f78-4a80-aaf1-4a5519808082,264201.2851982672,2515717.0188257694,10.8,259473.84367830688,2528012.3738641883,6.1000000000000005,10800.0
d511ba51-519b-4100-9917-fb4028c2b77a,10a805da-2f78-4a80-aaf1-4a5519808082,264870.6342818605,2517176.744457946,0.7000000000000001,264201.2851982672,2515717.0188257694,3.4000000000000004,3600.0000000000005
d82fcc69-9fbd-499e-a56e-b72ad37bb312,10a805da-2f78-4a80-aaf1-4a5519808082,250701.11164182678,2501415.367325868,24.400000000000002,264870.6342818605,2517176.744457946,24.400000000000002,24400.000000000004
6a184ff4-400c-4f2c-b778-05adab1e8030,10a805da-2f78-4a80-aaf1-4a5519808082,239175.4431691469,2471386.994263956,34.300000000000004,250701.11164182678,2501415.367325868,34.300000000000004,34300.00000000001
e4573d72-8835-462c-83b1-c558a33a8213,10a805da-2f78-4a80-aaf1-4a5519808082,237739.23513817193,2465852.096660865,6.5,239175.4431691469,2471386.994263956,6.5,6500.0
aed19870-07cd-49c2-81c7-d53c543f96ed,10a805da-2f78-4a80-aaf1-4a5519808082,218010.57165928598,2455666.7243637126,23.5,237739.23513817193,2465852.096660865,11.3,23500.0
9ba0983a-d818-4404-9fb0-05e9843f09c1,10a805da-2f78-4a80-aaf1-4a5519808082,223558.84840425427,2434596.7532630423,23.3,218010.57165928598,2455666.7243637126,23.3,23300.0
eeb5c19e-437f-4dd2-8ab4-319b163d45e0,11937e07-eeaa-45d8-8f71-9687de8f85a5,197720.95868254267,2516302.67839307,3.6,198485.58801340702,2519752.0891684256,3.6,3600.0
a99a90eb-23f3-4c70-a784-f9bb49528a9d,11937e07-eeaa-45d8-8f71-9687de8f85a5,198485.58801340702,2519752.0891684256,12.700000000000001,205832.29617892936,2516982.121009895,0.8,12700.000000000002
86228f82-9fbc-4fe4-b906-3b4a5810d54b,11937e07-eeaa-45d8-8f71-9687de8f85a5,197720.95868254267,2516302.67839307,3.6,198485.58801340702,2519752.0891684256,3.6,3600.0
9dd47a84-0a60-4973-9072-975f985059d8,11937e07-eeaa-45d8-8f71-9687de8f85a5,198485.58801340702,2519752.0891684256,5.7,197720.95868254267,2516302.67839307,2.5,6300.0
d37baaf4-955b-4eec-a31a-8066000f8751,11937e07-eeaa-45d8-8f71-9687de8f85a5,198485.58801340702,2519752.0891684256,12.700000000000001,198485.58801340702,2519752.0891684256,13.0,13599.999999999998
458b623d-6859-43c0-a864-614d153b48d7,11937e07-eeaa-45d8-8f71-9687de8f85a5,197720.95868254267,2516302.67839307,3.7,198485.58801340702,2519752.0891684256,3.7,3700.0
eff28b66-48b0-40bf-b283-b85848812118,11937e07-eeaa-45d8-8f71-9687de8f85a5,198485.58801340702,2519752.0891684256,3.6,197720.95868254267,2516302.67839307,3.6,3600.0
5536caee-58b9-472c-a7dc-b757c8e4c6dd,11937e07-eeaa-45d8-8f71-9687de8f85a5,208976.47358459653,2524735.7901226063,4.7,198485.58801340702,2519752.0891684256,13.600000000000001,6600.000000000001
807ca5fe-e58b-41c3-9768-03065c5bdfcc,11937e07-eeaa-45d8-8f71-9687de8f85a5,205832.29617892936,2516982.121009895,6.5,208976.47358459653,2524735.7901226063,3.3000000000000003,6800.0
56e7b16b-7926-4335-8a28-0455537d9ea3,11937e07-eeaa-45d8-8f71-9687de8f85a5,201225.13129340083,2508446.0727299857,10.8,205832.29617892936,2516982.121009895,10.8,10800.0
07c70dc4-4b07-43e1-a7cc-063146e45c12,11937e07-eeaa-45d8-8f71-9687de8f85a5,201225.13129340083,2508446.0727299857,2.8000000000000003,201225.13129340083,2508446.0727299857,2.8000000000000003,2900.0000000000005
4917407d-fdd8-4530-852b-7a397dda5b8d,11937e07-eeaa-45d8-8f71-9687de8f85a5,198485.58801340702,2519752.0891684256,13.5,205832.29617892936,2516982.121009895,6.7,13600.0
0aebdace-cb11-480a-8f78-c42a44b86664,11937e07-eeaa-45d8-8f71-9687de8f85a5,197720.95868254267,2516302.67839307,3.6,198485.58801340702,2519752.0891684256,3.6,3600.0
27dcee27-7264-44ac-a606-da84099ec59e,11937e07-eeaa-45d8-8f71-9687de8f85a5,208976.47358459653,2524735.7901226063,5.5,198485.58801340702,2519752.0891684256,11.200000000000001,5899.999999999999
b7312fe6-34db-4e0a-b371-88f0e1f8b151,11937e07-eeaa-45d8-8f71-9687de8f85a5,198485.58801340702,2519752.0891684256,17.1,208976.47358459653,2524735.7901226063,17.1,17100.0
2b63901c-f355-45b8-837b-05203a4d0235,11937e07-eeaa-45d8-8f71-9687de8f85a5,197720.95868254267,2516302.67839307,3.6,198485.58801340702,2519752.0891684256,3.6,3600.0
c90f431b-508e-462f-a33d-15b66cc4958d,11937e07-eeaa-45d8-8f71-9687de8f85a5,197720.95868254267,2516302.67839307,2.5,197720.95868254267,2516302.67839307,2.6,2600.0
dfb89ab3-9ce9-4f48-963a-f2ea76f51f40,11937e07-eeaa-45d8-8f71-9687de8f85a5,198485.58801340702,2519752.0891684256,3.6,197720.95868254267,2516302.67839307,3.6,3600.0
9c4f71e8-f835-4e33-bf81-d16a5d6f6e91,11937e07-eeaa-45d8-8f71-9687de8f85a5,208976.47358459653,2524735.7901226063,0.1,198485.58801340702,2519752.0891684256,12.4,6700.0
8a06a543-acb9-402a-8baf-2d27ccda4f96,11937e07-eeaa-45d8-8f71-9687de8f85a5,196874.65233405097,2509316.7748512058,0.5,208976.47358459653,2524735.7901226063,0.2,36100.00000000001
7ab94f93-3f65-4768-acd2-512c5829f0c9,11937e07-eeaa-45d8-8f71-9687de8f85a5,208976.47358459653,2524735.7901226063,11.8,205832.29617892936,2516982.121009895,6.1000000000000005,14700.000000000002
c3006868-2426-489e-a918-802925e9c804,11937e07-eeaa-45d8-8f71-9687de8f85a5,198485.58801340702,2519752.0891684256,10.3,208976.47358459653,2524735.7901226063,3.2,10300.0
374b2f9d-d1b6-45ed-9e3d-308ce003902a,11937e07-eeaa-45d8-8f71-9687de8f85a5,197720.95868254267,2516302.67839307,3.6,198485.58801340702,2519752.0891684256,3.6,3600.0
76ed6ab7-d83c-4d84-a572-c211ca6e983d,11937e07-eeaa-45d8-8f71-9687de8f85a5,197686.6059180817,2508294.6747948346,1.0,197720.95868254267,2516302.67839307,2.6,8900.0
20ae3435-85e2-42e0-a93b-5e42f04e6a69,11937e07-eeaa-45d8-8f71-9687de8f85a5,205832.29617892936,2516982.121009895,11.8,197686.6059180817,2508294.6747948346,0.8,13700.0
6e721609-48a7-4722-b156-c18e1df89b5e,11937e07-eeaa-45d8-8f71-9687de8f85a5,205832.29617892936,2516982.121009895,10.0,205832.29617892936,2516982.121009895,0.7000000000000001,18600.0
6a2b9e8a-9dea-46b9-adc5-1eb444a3a6f4,11937e07-eeaa-45d8-8f71-9687de8f85a5,208976.47358459653,2524735.7901226063,5.1000000000000005,205832.29617892936,2516982.121009895,6.6000000000000005,5100.000000000001
5f813f24-3947-49c3-b0d2-9018b297f52d,11937e07-eeaa-45d8-8f71-9687de8f85a5,205832.29617892936,2516982.121009895,6.7,208976.47358459653,2524735.7901226063,5.4,13400.0
52c0e29f-982a-4a59-b206-99a0fb7526e4,11937e07-eeaa-45d8-8f71-9687de8f85a5,197686.6059180817,2508294.6747948346,12.5,205832.29617892936,2516982.121009895,12.5,12500.0
22c7688d-9acb-4afe-92c5-2d02f22289aa,11937e07-eeaa-45d8-8f71-9687de8f85a5,205832.29617892936,2516982.121009895,12.700000000000001,197686.6059180817,2508294.6747948346,12.700000000000001,12700.000000000002
f63443fd-6db4-438f-a1e0-5221823544ba,2363fec0-068d-4eac-8850-ba9bdef45108,310904.97468644165,2771670.5036215484,0.1,305786.7478812649,2773927.2364315717,10.600000000000001,100.0
490170ad-2009-4e75-b11c-d0f565e90041,2363fec0-068d-4eac-8850-ba9bdef45108,307590.68329256645,2774906.395130684,1.4000000000000001,310904.97468644165,2771670.5036215484,4.9,1400.0000000000002
bf02d366-8494-41f4-a8cf-4021689c978e,2363fec0-068d-4eac-8850-ba9bdef45108,310904.97468644165,2771670.5036215484,1.1,307590.68329256645,2774906.395130684,5.2,1100.0
15bae599-c3b5-4015-98bf-2b00e03a8efd,2363fec0-068d-4eac-8850-ba9bdef45108,310904.97468644165,2771670.5036215484,0.2,310904.97468644165,2771670.5036215484,0.1,200.0
ba299c18-b569-40cc-8410-d1de9b6d6250,2363fec0-068d-4eac-8850-ba9bdef45108,310904.97468644165,2771670.5036215484,5.1000000000000005,310904.97468644165,2771670.5036215484,8.1,5100.000000000001
c0db13dc-3226-4802-a6c3-698a921f98ba,2363fec0-068d-4eac-8850-ba9bdef45108,307520.24830365984,2774576.78301348,0.9,310904.97468644165,2771670.5036215484,0.1,900.0
30338382-2b35-45d0-ab0c-c12d124b5f28,2363fec0-068d-4eac-8850-ba9bdef45108,306900.29195144644,2775046.498389336,1.7000000000000002,307520.24830365984,2774576.78301348,1.7000000000000002,1700.0000000000002
31c83e8c-334e-44f6-ae42-1ab89664f782,2363fec0-068d-4eac-8850-ba9bdef45108,299350.3164821087,2771691.1918709236,13.600000000000001,306900.29195144644,2775046.498389336,6.300000000000001,15900.000000000002
8ecc0490-bc31-4dd4-8144-243f87594807,2363fec0-068d-4eac-8850-ba9bdef45108,307998.6292537785,2773555.8621875574,11.700000000000001,299350.3164821087,2771691.1918709236,0.4,11700.000000000002
08dcf5d0-bc86-4ad7-b5b2-05746ad06029,2363fec0-068d-4eac-8850-ba9bdef45108,304962.26839952316,2763572.8031730857,14.3,307998.6292537785,2773555.8621875574,1.6,14300.0
8d973893-6aa5-46cc-a924-5eb3e7de64aa,2363fec0-068d-4eac-8850-ba9bdef45108,321577.2904050009,2758741.677253732,0.4,304962.26839952316,2763572.8031730857,15.0,15000.000000000002
3356b44c-8af3-4632-8620-d7b30137a880,2363fec0-068d-4eac-8850-ba9bdef45108,328604.95928001485,2747253.809699857,15.200000000000001,321577.2904050009,2758741.677253732,18.8,15200.000000000002
c4e3226a-22f3-40b1-b8b3-a1b34c8d867e,2363fec0-068d-4eac-8850-ba9bdef45108,326512.20487593353,2740584.295707029,0.2,328604.95928001485,2747253.809699857,1.9000000000000001,6200.0
f0e35070-c61b-4d10-80b2-0f1b91224ac3,2363fec0-068d-4eac-8850-ba9bdef45108,333527.1070191009,2750426.427794108,0.1,326512.20487593353,2740584.295707029,13.200000000000001,100.0
396e23e4-354d-4f18-b12b-ca3e04eb722a,2363fec0-068d-4eac-8850-ba9bdef45108,343737.1424305694,2762958.437633114,17.7,333527.1070191009,2750426.427794108,17.7,17700.0
f6c771bc-d810-4cbd-98e2-90ee01bd34da,2363fec0-068d-4eac-8850-ba9bdef45108,341596.8811824606,2768354.5803662036,23.0,343737.1424305694,2762958.437633114,23.0,23000.0
bbb005d9-0bdf-4e20-8768-f6fbed375eb6,2363fec0-068d-4eac-8850-ba9bdef45108,333576.70332381385,2779453.980480154,26.400000000000002,341596.8811824606,2768354.5803662036,26.400000000000002,26400.000000000004
e297e387-e02a-437f-b62f-cd818dd7e3a0,2363fec0-068d-4eac-8850-ba9bdef45108,316831.854858121,2773175.9046967467,24.200000000000003,333576.70332381385,2779453.980480154,24.200000000000003,24200.000000000004
63d4744c-7465-494d-b0d7-7eae01d43fb2,2363fec0-068d-4eac-8850-ba9bdef45108,307520.24830365984,2774576.78301348,0.9,316831.854858121,2773175.9046967467,12.8,2500.0
f4312048-2da4-48b1-98c4-00a5336a4e22,2363fec0-068d-4eac-8850-ba9bdef45108,307520.24830365984,2774576.78301348,5.6000000000000005,307520.24830365984,2774576.78301348,12.8,24000.0
ce72f3ea-8d8c-43ce-be76-c0697c0d3392,2363fec0-068d-4eac-8850-ba9bdef45108,307167.5533406407,2770799.213096075,5.6000000000000005,307520.24830365984,2774576.78301348,0.9,20200.000000000004
6dc23d4f-04f5-45c0-a101-efcbffaaa1a1,2363fec0-068d-4eac-8850-ba9bdef45108,315571.47678358376,2760123.1880725003,3.7,307167.5533406407,2770799.213096075,23.400000000000002,3700.0
f91d5936-69cf-478b-a953-2018c110b189,2363fec0-068d-4eac-8850-ba9bdef45108,321577.2904050009,2758741.677253732,11.3,315571.47678358376,2760123.1880725003,11.3,11300.0
600c86ae-986c-427d-a587-126a40a7245b,2363fec0-068d-4eac-8850-ba9bdef45108,315571.47678358376,2760123.1880725003,7.4,321577.2904050009,2758741.677253732,18.0,7400.0
29819f6f-d3bd-4dd3-91dc-48894a40b420,2363fec0-068d-4eac-8850-ba9bdef45108,321577.2904050009,2758741.677253732,11.3,315571.47678358376,2760123.1880725003,11.3,11300.0
1879885b-ed84-486c-a5b5-0564fed316d7,2363fec0-068d-4eac-8850-ba9bdef45108,315571.47678358376,2760123.1880725003,11.200000000000001,321577.2904050009,2758741.677253732,11.200000000000001,11200.000000000002
0d2e763a-9098-4ccf-baa1-fb9fd6326bae,2363fec0-068d-4eac-8850-ba9bdef45108,321577.2904050009,2758741.677253732,11.3,315571.47678358376,2760123.1880725003,11.3,11300.0
fdd5e66d-6b4b-4494-8f1d-198f41dfd0cc,2363fec0-068d-4eac-8850-ba9bdef45108,304287.9267174964,2761309.264093603,12.8,321577.2904050009,2758741.677253732,14.9,12800.0
25820a95-ad54-4eb4-8dd5-585f1f062947,2363fec0-068d-4eac-8850-ba9bdef45108,307520.24830365984,2774576.78301348,0.9,304287.9267174964,2761309.264093603,17.7,900.0
1689b95f-51f6-4a61-99a1-950371fa9a4e,2363fec0-068d-4eac-8850-ba9bdef45108,310904.97468644165,2771670.5036215484,0.4,307520.24830365984,2774576.78301348,13.3,400.0
4950e954-5f28-46b9-8ff0-270cdcc49a32,41e8984e-c769-4568-bcc3-97c5da73734e,173653.17495180957,2538793.840407499,0.6000000000000001,173653.17495180957,2538793.840407499,0.1,19600.0
6d45770a-0de3-4b36-99d3-d518d80aeea5,41e8984e-c769-4568-bcc3-97c5da73734e,167195.0924361454,2540855.655633349,0.30000000000000004,173653.17495180957,2538793.840407499,0.1,11400.0
04c1d9a8-641a-4000-8832-f5a44e99511d,41e8984e-c769-4568-bcc3-97c5da73734e,169838.37187907618,2545919.4771660683,2.5,167195.0924361454,2540855.655633349,2.0,15900.0
380f5896-d888-4725-bb1e-cc8137101703,41e8984e-c769-4568-bcc3-97c5da73734e,168400.2523584507,2542694.613048003,0.9,169838.37187907618,2545919.4771660683,1.4000000000000001,12500.0
99c89d16-199c-4910-943a-7abd423883d2,41e8984e-c769-4568-bcc3-97c5da73734e,167464.8348667607,2541742.44817973,2.7,168400.2523584507,2542694.613048003,0.8,17000.0
953ba568-504f-47b4-9d02-5c668374a418,41e8984e-c769-4568-bcc3-97c5da73734e,171036.23508535448,2541509.109564485,0.6000000000000001,167464.8348667607,2541742.44817973,2.9000000000000004,8600.000000000002
418f8100-afb8-489d-b759-e4f12f759e8d,41e8984e-c769-4568-bcc3-97c5da73734e,176453.92521481228,2540906.360820266,1.1,171036.23508535448,2541509.109564485,2.1,31200.00000000001
908c40da-80d8-496b-a70c-f4f5da6f6b97,41e8984e-c769-4568-bcc3-97c5da73734e,169919.75938227598,2550930.863515069,2.1,176453.92521481228,2540906.360820266,3.3000000000000003,16400.0
a1a45e25-7302-459f-a55d-6521422f162a,41e8984e-c769-4568-bcc3-97c5da73734e,170083.61642768036,2541643.706637214,0.30000000000000004,169919.75938227598,2550930.863515069,1.6,6300.000000000001
067494f8-e76f-4473-8703-a9bb3f309442,41e8984e-c769-4568-bcc3-97c5da73734e,166662.38983099372,2543231.281247222,0.6000000000000001,170083.61642768036,2541643.706637214,1.2000000000000002,7200.0
ca001de0-9e86-4679-9a55-72884b5cdffe,41e8984e-c769-4568-bcc3-97c5da73734e,171099.2190853804,2545421.8776443037,2.1,166662.38983099372,2543231.281247222,2.8000000000000003,13900.0
463f2876-303b-4a2a-b83b-48477c98ae6f,41e8984e-c769-4568-bcc3-97c5da73734e,171099.2190853804,2545421.8776443037,0.6000000000000001,171099.2190853804,2545421.8776443037,0.1,11400.0
0670b549-75a0-44c0-b1e7-06cb69c186cd,41e8984e-c769-4568-bcc3-97c5da73734e,174094.39994907915,2548302.365182585,2.7,171099.2190853804,2545421.8776443037,3.2,19200.0
6d264ab7-2bd4-4a00-bdc2-8a8bcaecd226,41e8984e-c769-4568-bcc3-97c5da73734e,173653.17495180957,2538793.840407499,2.9000000000000004,174094.39994907915,2548302.365182585,2.2,18000.0
2bfdc5a0-d757-4ed9-943e-e4051cc89dc1,41e8984e-c769-4568-bcc3-97c5da73734e,171099.2190853804,2545421.8776443037,0.7000000000000001,173653.17495180957,2538793.840407499,0.6000000000000001,9400.0
f1afe44d-f612-4eb2-99aa-ee330df16481,41e8984e-c769-4568-bcc3-97c5da73734e,173342.29421092942,2541126.7558197216,0.4,171099.2190853804,2545421.8776443037,0.9,18099.999999999996
5732215d-e0a1-46c1-8377-4e1cca4f50dc,41e8984e-c769-4568-bcc3-97c5da73734e,170919.55780802097,2548078.2251982777,0.4,173342.29421092942,2541126.7558197216,0.5,13399.999999999998
92125af9-7a2a-4e19-965e-179534598195,41e8984e-c769-4568-bcc3-97c5da73734e,168314.30674924632,2549006.3724964345,3.8000000000000003,170919.55780802097,2548078.2251982777,0.4,13900.0
c0adc791-9bf9-4d39-b290-f4400ebdba6f,41e8984e-c769-4568-bcc3-97c5da73734e,168776.85949052853,2545825.1775404294,0.5,168314.30674924632,2549006.3724964345,2.0,14700.000000000004
da607862-977c-4855-a9cf-35223ff9b095,41e8984e-c769-4568-bcc3-97c5da73734e,168314.30674924632,2549006.3724964345,1.2000000000000002,168776.85949052853,2545825.1775404294,4.1000000000000005,16200.000000000004
2160dc8e-7a99-444b-8c21-a969dd561f77,41e8984e-c769-4568-bcc3-97c5da73734e,169147.73632027747,2543115.7204798805,0.2,168314.30674924632,2549006.3724964345,1.7000000000000002,11900.0
71bf97ca-a619-4535-8cc3-0dcf15a68f3f,41e8984e-c769-4568-bcc3-97c5da73734e,170310.970544383,2541705.6245204555,1.6,169147.73632027747,2543115.7204798805,0.8,21100.0
b1c3f88e-b263-4d7a-a39e-c4c4ca444684,41e8984e-c769-4568-bcc3-97c5da73734e,171099.2190853804,2545421.8776443037,1.7000000000000002,170310.970544383,2541705.6245204555,0.2,13400.0
5fc8234d-f1f3-4900-aa63-4315ea286a9c,41e8984e-c769-4568-bcc3-97c5da73734e,169447.57339606475,2547711.628724608,0.2,171099.2190853804,2545421.8776443037,1.5,21000.0
c5e66661-f366-4222-9a90-8b75b0d455a6,41e8984e-c769-4568-bcc3-97c5da73734e,171036.23508535448,2541509.109564485,0.1,169447.57339606475,2547711.628724608,3.3000000000000003,16300.000000000004
533af7bc-34dc-423e-a863-c17a8f717045,41e8984e-c769-4568-bcc3-97c5da73734e,174248.23599344477,2544296.6989004607,1.2000000000000002,171036.23508535448,2541509.109564485,0.1,11399.999999999998
ec5b3d43-cdfe-415e-8587-483a4191ac71,41e8984e-c769-4568-bcc3-97c5da73734e,171099.2190853804,2545421.8776443037,0.9,174248.23599344477,2544296.6989004607,2.9000000000000004,18500.0
82386e63-74d6-4d19-b92e-80517a87621f,41e8984e-c769-4568-bcc3-97c5da73734e,171099.2190853804,2545421.8776443037,0.4,171099.2190853804,2545421.8776443037,0.1,15100.000000000002
e6de7231-f5a3-4950-9b05-82a277b793e3,41e8984e-c769-4568-bcc3-97c5da73734e,164944.79215425908,2550020.697721769,1.5,171099.2190853804,2545421.8776443037,2.2,10499.999999999998
66f8a74f-5f26-45f8-bddc-7918b08cc1e9,41e8984e-c769-4568-bcc3-97c5da73734e,166787.63467977464,2548811.214250229,1.3,164944.79215425908,2550020.697721769,0.7000000000000001,19200.0
a9b62408-5aaa-490d-bc80-1aa5ad3fc1c4,8b538eeb-6d13-4b1c-9f79-7c0953607a7c,220225.60960433123,2682957.621433426,0.8,220225.60960433123,2682957.621433426,0.5,12700.0
a1ead03b-543c-4270-b18d-7d8bbd4d082f,8b538eeb-6d13-4b1c-9f79-7c0953607a7c,220427.774942236,2682272.527878252,0.7000000000000001,220225.60960433123,2682957.621433426,3.0,3900.0000000000005
0d2048d4-b36b-470a-a74f-679a7efb8c97,8b538eeb-6d13-4b1c-9f79-7c0953607a7c,220427.774942236,2682272.527878252,1.0,220427.774942236,2682272.527878252,1.2000000000000002,11700.000000000002
02303127-ad6c-4c06-9245-18eaf3f8316a,8b538eeb-6d13-4b1c-9f79-7c0953607a7c,221762.3257216202,2683086.490994693,1.9000000000000001,220427.774942236,2682272.527878252,1.1,13400.000000000002
b21fa61e-f3f5-4318-b37e-19d2531dca20,8b538eeb-6d13-4b1c-9f79-7c0953607a7c,220427.774942236,2682272.527878252,0.1,221762.3257216202,2683086.490994693,0.8,11600.0
b03a218f-49c2-4429-9a56-32463c06d6e6,8b538eeb-6d13-4b1c-9f79-7c0953607a7c,220225.60960433123,2682957.621433426,0.9,220427.774942236,2682272.527878252,0.5,12700.000000000002
ba6d0316-c3d7-4910-ad53-861bcc4f69ff,8b538eeb-6d13-4b1c-9f79-7c0953607a7c,221096.92890199024,2682943.7446517996,0.7000000000000001,220225.60960433123,2682957.621433426,1.1,2500.0000000000005
df330cfa-52a2-4b09-adde-a9e6af0c9359,8b538eeb-6d13-4b1c-9f79-7c0953607a7c,220225.60960433123,2682957.621433426,0.5,221096.92890199024,2682943.7446517996,0.1,10500.000000000002
3e5bb580-307b-42e5-b336-50b8ba1778ca,8b538eeb-6d13-4b1c-9f79-7c0953607a7c,221096.92890199024,2682943.7446517996,0.4,220225.60960433123,2682957.621433426,1.8,16100.000000000002
4655bda5-475f-4ace-a84e-9cfac2718df0,8b538eeb-6d13-4b1c-9f79-7c0953607a7c,221096.92890199024,2682943.7446517996,0.6000000000000001,221096.92890199024,2682943.7446517996,2.3000000000000003,15400.0
392bd4ad-0b9b-492f-ae9b-c5db5d6d9274,8b538eeb-6d13-4b1c-9f79-7c0953607a7c,215028.5885705403,2683742.6651995587,2.0,221096.92890199024,2682943.7446517996,0.6000000000000001,16100.000000000002
2520e92f-033e-43e9-9d86-0ee1bc6f0e22,8b538eeb-6d13-4b1c-9f79-7c0953607a7c,221096.92890199024,2682943.7446517996,1.6,215028.5885705403,2683742.6651995587,1.7000000000000002,20500.0
475bfd92-3ecd-4215-9ef6-e4d349ea6bc4,8b538eeb-6d13-4b1c-9f79-7c0953607a7c,220225.60960433123,2682957.621433426,2.4000000000000004,221096.92890199024,2682943.7446517996,1.4000000000000001,16400.000000000004
09487028-6152-41a5-b5ee-126a97328873,8b538eeb-6d13-4b1c-9f79-7c0953607a7c,216334.65774780657,2681254.100659423,2.5,220225.60960433123,2682957.621433426,1.3,7800.0
f36e81c7-4c54-4694-acc4-48332f8b0980,8b538eeb-6d13-4b1c-9f79-7c0953607a7c,216334.65774780657,2681254.100659423,2.0,216334.65774780657,2681254.100659423,0.5,6000.0
5281fb23-0d01-456f-91f7-cf72b0def9cf,8b538eeb-6d13-4b1c-9f79-7c0953607a7c,216334.65774780657,2681254.100659423,3.7,216334.65774780657,2681254.100659423,1.0,15300.0
589c85b3-cf28-4d83-a7c8-87fd0113b6fa,8b538eeb-6d13-4b1c-9f79-7c0953607a7c,221636.43758823464,2683149.649754003,0.4,216334.65774780657,2681254.100659423,0.30000000000000004,14900.000000000002
c5de42b4-5201-42cd-a85f-75b31c4e15cc,8b538eeb-6d13-4b1c-9f79-7c0953607a7c,216334.65774780657,2681254.100659423,0.4,221636.43758823464,2683149.649754003,2.8000000000000003,21400.000000000007
6bfcf1fa-90eb-412b-b43b-a46c63d95ba9,8b538eeb-6d13-4b1c-9f79-7c0953607a7c,221096.92890199024,2682943.7446517996,3.1,216334.65774780657,2681254.100659423,3.3000000000000003,14700.0
63df243c-3dc2-40dd-992d-2c7033b43857,8b538eeb-6d13-4b1c-9f79-7c0953607a7c,219211.259719532,2681823.4716300783,3.1,221096.92890199024,2682943.7446517996,4.0,18900.0
ded60519-e0c4-4964-906e-45fe0c7dbd8d,8b538eeb-6d13-4b1c-9f79-7c0953607a7c,215160.31480449112,2682888.214597851,0.1,219211.259719532,2681823.4716300783,0.9,16400.000000000004
df007d86-7a8b-436a-8f91-763264275b70,8b538eeb-6d13-4b1c-9f79-7c0953607a7c,220225.60960433123,2682957.621433426,1.2000000000000002,215160.31480449112,2682888.214597851,0.8,17000.0
422bcccb-17a7-461e-b5a2-6189a719e970,8b538eeb-6d13-4b1c-9f79-7c0953607a7c,218961.50442262687,2678929.1796635035,2.1,220225.60960433123,2682957.621433426,0.7000000000000001,18800.0
f41db8c5-298a-4474-a11e-67495c7dec93,8b538eeb-6d13-4b1c-9f79-7c0953607a7c,220427.774942236,2682272.527878252,0.6000000000000001,218961.50442262687,2678929.1796635035,1.1,12200.000000000002
e7210465-ddd6-41ea-9dc7-3bba9191e1fc,8b538eeb-6d13-4b1c-9f79-7c0953607a7c,222781.11104745232,2682773.0618196037,1.1,220427.774942236,2682272.527878252,2.2,11300.0
b3a8f451-b894-4910-b785-c9022b882034,8b538eeb-6d13-4b1c-9f79-7c0953607a7c,219975.5337305406,2680717.5229802113,1.9000000000000001,222781.11104745232,2682773.0618196037,0.30000000000000004,15299.999999999998
5338b8d5-fd5b-48bb-88dd-52426609b293,8b538eeb-6d13-4b1c-9f79-7c0953607a7c,221673.92173671225,2681582.6549135935,2.1,219975.5337305406,2680717.5229802113,1.0,9300.0
a1882233-30f7-4d18-a320-96bf6c07f287,8b538eeb-6d13-4b1c-9f79-7c0953607a7c,221762.3257216202,2683086.490994693,3.4000000000000004,221673.92173671225,2681582.6549135935,1.3,21500.0
f134a574-19e2-42a1-8a51-d28c49596472,8b538eeb-6d13-4b1c-9f79-7c0953607a7c,224154.2629004657,2683307.8580724257,2.7,221762.3257216202,2683086.490994693,0.6000000000000001,13200.0
86a989cc-ab1b-4fed-b3d4-9e66b2a1810f,8b538eeb-6d13-4b1c-9f79-7c0953607a7c,222781.11104745232,2682773.0618196037,0.5,224154.2629004657,2683307.8580724257,1.9000000000000001,7900.0
390dcf73-7305-4541-a585-9572b9ccce1a,9ed764ba-cd31-43dc-ae0f-2ac54535cab6,203455.0658043099,2665580.3265554626,0.30000000000000004,201882.62422508586,2662682.065147005,3.4000000000000004,300.00000000000006
28be20d9-39cf-46c7-8ce0-678b672423e4,9ed764ba-cd31-43dc-ae0f-2ac54535cab6,204638.83188483716,2664498.8989441087,14.3,204638.83188483716,2664498.8989441087,14.3,14300.0
5ccfc820-52bf-41f6-be2e-cc754e7aaa4d,9ed764ba-cd31-43dc-ae0f-2ac54535cab6,202408.66459350148,2664693.33096493,4.800000000000001,204638.83188483716,2664498.8989441087,4.800000000000001,4800.000000000001
a5f8046d-edd5-426a-bdf7-87dea9f06632,9ed764ba-cd31-43dc-ae0f-2ac54535cab6,206226.7513579304,2665565.795176287,2.4000000000000004,202548.145798773,2661902.3616232364,2.4000000000000004,2400.0000000000005
2f5f53a6-915e-4d6a-90ac-419dc20148d0,9ed764ba-cd31-43dc-ae0f-2ac54535cab6,202656.96564599514,2662241.343991196,4.6000000000000005,201882.62422508586,2662682.065147005,4.6000000000000005,4600.000000000001
aa1dba9b-f4c3-4d31-9168-cacdd35f211a,9ed764ba-cd31-43dc-ae0f-2ac54535cab6,203646.9724278644,2663593.255670814,8.5,202656.96564599514,2662241.343991196,7.9,8500.0
022877a6-7a1a-459a-9905-f6315694e5ce,9ed764ba-cd31-43dc-ae0f-2ac54535cab6,202548.145798773,2661902.3616232364,11.9,202548.145798773,2661902.3616232364,11.9,11900.0
a5ce0664-cbf5-4d22-ba62-c67fb2c30dd7,9ed764ba-cd31-43dc-ae0f-2ac54535cab6,204638.83188483716,2664498.8989441087,3.6,202548.145798773,2661902.3616232364,3.6,3600.0
a1b4bbd4-baa9-4814-955d-68c7d71ed08a,9ed764ba-cd31-43dc-ae0f-2ac54535cab6,204638.83188483716,2664498.8989441087,7.5,204638.83188483716,2664498.8989441087,7.5,7500.0
ef00b905-8a67-4051-8780-da99f10991fa,9ed764ba-cd31-43dc-ae0f-2ac54535cab6,204638.83188483716,2664498.8989441087,24.6,204638.83188483716,2664498.8989441087,24.6,24600.0
854372b2-a40a-4446-9cc8-0d3555e3979c,9ed764ba-cd31-43dc-ae0f-2ac54535cab6,200936.84158471358,2661926.076859703,4.2,204638.83188483716,2664498.8989441087,4.2,4200.0
90b192fe-3e15-4c29-bac0-d51376ddfc30,9ed764ba-cd31-43dc-ae0f-2ac54535cab6,203455.0658043099,2665580.3265554626,13.200000000000001,202656.96564599514,2662241.343991196,13.200000000000001,13200.000000000002
eca38f19-192a-4eca-800f-97076db72f3c,9ed764ba-cd31-43dc-ae0f-2ac54535cab6,202548.145798773,2661902.3616232364,12.8,203455.0658043099,2665580.3265554626,12.8,12800.0
84ba73bd-e0a5-4719-874a-7daba0eb9107,9ed764ba-cd31-43dc-ae0f-2ac54535cab6,206248.47919417341,2665589.3186372216,29.8,202548.145798773,2661902.3616232364,29.8,29800.0
52df50fc-a68f-4038-acc4-4778076827c3,9ed764ba-cd31-43dc-ae0f-2ac54535cab6,202408.66459350148,2664693.33096493,37.300000000000004,202548.145798773,2661902.3616232364,37.300000000000004,37300.00000000001
ebfbb7bf-559c-40ab-bb61-f62e9d1c845f,9ed764ba-cd31-43dc-ae0f-2ac54535cab6,203455.0658043099,2665580.3265554626,8.5,203455.0658043099,2665580.3265554626,8.5,8500.0
cdc4125a-4669-44b5-995f-c1bba3e0794c,9ed764ba-cd31-43dc-ae0f-2ac54535cab6,199452.8624667392,2666946.23500755,2.6,203646.9724278644,2663593.255670814,10.700000000000001,2600.0
90c8b95e-3dc0-40f0-aa9f-22d0ed6afbb2,9ed764ba-cd31-43dc-ae0f-2ac54535cab6,203646.9724278644,2663593.255670814,7.1000000000000005,202408.66459350148,2664693.33096493,7.1000000000000005,7100.000000000001
fe937afa-236c-48bf-bca0-2d6cc15f3795,9ed764ba-cd31-43dc-ae0f-2ac54535cab6,204638.83188483716,2664498.8989441087,14.8,203646.9724278644,2663593.255670814,14.8,14800.0
d101a031-c099-47e6-9ed4-228255af22be,9ed764ba-cd31-43dc-ae0f-2ac54535cab6,202656.96564599514,2662241.343991196,7.1000000000000005,204638.83188483716,2664498.8989441087,18.5,7100.000000000001
707d17e7-9d6b-420f-a181-74f01910ac6c,9ed764ba-cd31-43dc-ae0f-2ac54535cab6,202548.145798773,2661902.3616232364,4.800000000000001,202656.96564599514,2662241.343991196,4.800000000000001,4800.000000000001
a0c89c0d-2961-4925-b124-ae6c92e24295,9ed764ba-cd31-43dc-ae0f-2ac54535cab6,206248.47919417341,2665589.3186372216,11.8,202548.145798773,2661902.3616232364,11.8,11800.0
97670f72-2a13-43f3-876d-1796a623f9e5,9ed764ba-cd31-43dc-ae0f-2ac54535cab6,204638.83188483716,2664498.8989441087,8.6,203646.9724278644,2663593.255670814,8.6,8600.0
b434820f-8860-4949-b0e9-982d0f34591f,9ed764ba-cd31-43dc-ae0f-2ac54535cab6,206248.47919417341,2665589.3186372216,14.5,203646.9724278644,2663593.255670814,14.5,14500.0
8a0badd3-5046-4e1f-a80b-db8ae6fd2d96,9ed764ba-cd31-43dc-ae0f-2ac54535cab6,202548.145798773,2661902.3616232364,4.0,206248.47919417341,2665589.3186372216,2.7,4300.0
8f083953-7023-40a1-bb45-0d751a96fc1d,9ed764ba-cd31-43dc-ae0f-2ac54535cab6,204234.61626176327,2670659.5624822094,9.3,202548.145798773,2661902.3616232364,9.3,9300.0
da1e5119-45c8-448f-9068-caebb25bdc31,9ed764ba-cd31-43dc-ae0f-2ac54535cab6,202139.97132955497,2665705.2863549436,7.7,202139.97132955497,2665705.2863549436,7.7,7700.0
808a8a23-85d7-4456-9cca-d835d0e76ab5,9ed764ba-cd31-43dc-ae0f-2ac54535cab6,202548.145798773,2661902.3616232364,3.6,202139.97132955497,2665705.2863549436,5.1000000000000005,3600.0
85202c1f-d3da-4ce2-87fa-d77b8ef1cd05,9ed764ba-cd31-43dc-ae0f-2ac54535cab6,204638.83188483716,2664498.8989441087,4.3,202656.96564599514,2662241.343991196,4.3,4300.0
20f95b33-186a-4325-8c3e-68bb1b691dae,9ed764ba-cd31-43dc-ae0f-2ac54535cab6,204638.83188483716,2664498.8989441087,0.1,204638.83188483716,2664498.8989441087,0.1,100.0
6045a119-d35b-402f-b261-a8f77ea5c045,aa6c3175-c18a-4fe2-92c5-b709264b44cf,297334.934481587,2775672.7601725254,3.2,299724.62911337835,2773831.1257421593,3.2,3200.0
f18a1391-0fe5-41f2-b6f0-f0a8b4e2fadb,aa6c3175-c18a-4fe2-92c5-b709264b44cf,299340.3795574704,2775219.3027291554,3.5,297334.934481587,2775672.7601725254,3.5,3500.0
97df937e-9e8c-4e72-83cc-49910155febb,aa6c3175-c18a-4fe2-92c5-b709264b44cf,300396.18007333606,2774852.0946423677,1.6,299340.3795574704,2775219.3027291554,1.6,1600.0
0243b874-d397-4b65-ac5f-9ba29b13a74f,aa6c3175-c18a-4fe2-92c5-b709264b44cf,300981.9472086264,2770782.142580875,6.800000000000001,300396.18007333606,2774852.0946423677,6.800000000000001,6800.000000000001
fb7b6847-46e5-4218-8b96-c8dc64efc7dc,aa6c3175-c18a-4fe2-92c5-b709264b44cf,300410.7491811033,2769103.016116611,2.1,300981.9472086264,2770782.142580875,2.1,2100.0
999524b8-b142-4f5d-951b-56095663b282,aa6c3175-c18a-4fe2-92c5-b709264b44cf,301211.36765437893,2769609.427172869,1.5,300410.7491811033,2769103.016116611,1.5,1500.0
b297e396-ee76-491c-9230-75f65f633130,aa6c3175-c18a-4fe2-92c5-b709264b44cf,307113.3566557501,2769111.5499259364,6.800000000000001,301211.36765437893,2769609.427172869,6.800000000000001,6800.000000000001
81de12c9-c9dc-423c-addf-105e3e5765a2,aa6c3175-c18a-4fe2-92c5-b709264b44cf,306041.58325332316,2768887.9041114794,3.8000000000000003,307113.3566557501,2769111.5499259364,3.8000000000000003,3800.0000000000005
fb2cb25b-3e04-4e28-a06e-af2e86bae067,aa6c3175-c18a-4fe2-92c5-b709264b44cf,305951.6829548778,2765971.4778550495,4.2,306041.58325332316,2768887.9041114794,4.2,4200.0
ddd5c09c-f007-4d98-a4d1-ead79663b9e7,aa6c3175-c18a-4fe2-92c5-b709264b44cf,307333.1722324691,2766461.470989537,3.2,305951.6829548778,2765971.4778550495,3.2,3200.0
3a61f09e-399c-4edd-8531-67e93e4a9bd5,aa6c3175-c18a-4fe2-92c5-b709264b44cf,308264.47507983795,2764511.8008054616,3.0,307333.1722324691,2766461.470989537,3.0,3000.0
acbfe64d-2fec-49c1-926c-21a9bb3c1f12,aa6c3175-c18a-4fe2-92c5-b709264b44cf,306833.0974265256,2764787.5759921605,2.0,308264.47507983795,2764511.8008054616,2.0,2000.0
ee2f6500-e89a-4abc-8637-5a171bc4ad37,aa6c3175-c18a-4fe2-92c5-b709264b44cf,302966.9856622959,2766542.342142306,8.9,306833.0974265256,2764787.5759921605,8.9,8900.0
9e9a9500-b31f-48eb-a8be-f15c1fa37efc,aa6c3175-c18a-4fe2-92c5-b709264b44cf,302017.93994466827,2766678.9309778293,1.1,302966.9856622959,2766542.342142306,1.1,1100.0
a8b46c17-d115-4ea5-99dc-21e527ffdb64,aa6c3175-c18a-4fe2-92c5-b709264b44cf,300948.07500376215,2766440.966421709,1.5,302017.93994466827,2766678.9309778293,1.5,1500.0
b978b9d2-e97d-42ac-9434-51ea2ed79f90,aa6c3175-c18a-4fe2-92c5-b709264b44cf,300308.2478400842,2765856.4123338247,1.1,300948.07500376215,2766440.966421709,1.1,1100.0
6c22a571-814d-4886-aa97-54fe77427596,aa6c3175-c18a-4fe2-92c5-b709264b44cf,300090.0432544704,2765901.6905449782,1.2000000000000002,300308.2478400842,2765856.4123338247,1.2000000000000002,1200.0000000000002
c6991b9e-4885-4772-a43f-e446992270db,aa6c3175-c18a-4fe2-92c5-b709264b44cf,298158.99054412614,2767365.6170590213,10.600000000000001,300090.0432544704,2765901.6905449782,13.0,10600.000000000002
c650e549-17f0-4864-af22-3cc84fafc34b,aa6c3175-c18a-4fe2-92c5-b709264b44cf,297926.80881637364,2766771.318311407,1.9000000000000001,298158.99054412614,2767365.6170590213,1.9000000000000001,1900.0000000000002
7fc88e4c-8d83-4e02-aa96-b62e5178bf97,aa6c3175-c18a-4fe2-92c5-b709264b44cf,298810.58514915296,2766043.167119538,1.6,297926.80881637364,2766771.318311407,1.6,1600.0
d125f449-5763-489f-861a-70d68b5f078a,aa6c3175-c18a-4fe2-92c5-b709264b44cf,297823.2673979582,2764830.3425451554,2.3000000000000003,298810.58514915296,2766043.167119538,2.3000000000000003,2300.0000000000005
bb2a40ed-f8cf-4053-909a-20abaae70cba,aa6c3175-c18a-4fe2-92c5-b709264b44cf,296535.8022006326,2764811.727746699,2.4000000000000004,297823.2673979582,2764830.3425451554,2.4000000000000004,2400.0000000000005
c49785e4-cfba-4f03-87f9-e0f831a50c60,aa6c3175-c18a-4fe2-92c5-b709264b44cf,296481.12759283726,2764859.1710728034,1.3,296535.8022006326,2764811.727746699,1.3,1300.0
a46061d3-e821-474e-913c-63bdcf0c6f20,aa6c3175-c18a-4fe2-92c5-b709264b44cf,296996.390285234,2767412.9677798613,0.1,296481.12759283726,2764859.1710728034,3.4000000000000004,100.0
4395345b-0fc6-4d6e-967e-2b029bf100bf,aa6c3175-c18a-4fe2-92c5-b709264b44cf,295582.26904558175,2767463.453301304,2.8000000000000003,296996.390285234,2767412.9677798613,2.8000000000000003,2800.0000000000005
b8a494b1-de10-4def-b553-163a4b274b54,aa6c3175-c18a-4fe2-92c5-b709264b44cf,300647.5691451663,2775991.7147034253,14.200000000000001,295582.26904558175,2767463.453301304,7.4,14900.0
2d56a871-1a0c-4572-8a54-765895456b86,aa6c3175-c18a-4fe2-92c5-b709264b44cf,302193.09822967113,2775857.314376749,2.9000000000000004,300647.5691451663,2775991.7147034253,2.9000000000000004,2900.0000000000005
6b1acac9-f69a-48d2-9254-95150f191890,aa6c3175-c18a-4fe2-92c5-b709264b44cf,303085.82161660003,2776111.2086002547,1.9000000000000001,302193.09822967113,2775857.314376749,1.9000000000000001,1900.0000000000002
2dba6ea3-a0f1-4fe0-8ee9-7d6e47b1d440,aa6c3175-c18a-4fe2-92c5-b709264b44cf,303315.6503045394,2776485.172298572,1.0,303085.82161660003,2776111.2086002547,1.0,1000.0
86314877-3895-465f-9567-0c0b3e8dc57e,aa6c3175-c18a-4fe2-92c5-b709264b44cf,302639.35130170814,2776874.9932850506,1.2000000000000002,303315.6503045394,2776485.172298572,1.2000000000000002,1200.0000000000002
bae14103-1ecb-4d59-bf7a-bc51f685d55d,aaaaaab1-0000-4001-0199-cbcb94832f2e,304913.0188630984,2771360.1930063483,1.8,301037.87859507825,2770099.363655101,0.1,17400.0
15c4fb53-44a5-4b1e-bf27-00bd81bb2c3c,aaaaaab1-0000-4001-0199-cbcb94832f2e,306272.6523465576,2771495.2164945644,1.7000000000000002,304913.0188630984,2771360.1930063483,0.1,8800.0
b8fd5135-e686-4a8d-a5bc-55f43f84126d,aaaaaab1-0000-4001-0199-cbcb94832f2e,306025.3828453743,2769540.8119823243,4.2,306272.6523465576,2771495.2164945644,1.0,14000.000000000002
e961cb99-7c22-48f2-bc68-2847f23db78f,aaaaaab1-0000-4001-0199-cbcb94832f2e,305563.2039442711,2769311.4084782666,1.9000000000000001,306025.3828453743,2769540.8119823243,0.5,9900.0
5afac029-a074-43d6-902a-52919b636e68,aaaaaab1-0000-4001-0199-cbcb94832f2e,307976.8927833326,2775298.712987249,1.8,305563.2039442711,2769311.4084782666,0.2,22400.000000000004
5f136268-64fa-4d7c-8156-e46cac906f7b,aaaaaab1-0000-4001-0199-cbcb94832f2e,305903.5273757276,2771031.909409712,0.5,307976.8927833326,2775298.712987249,0.5,13099.999999999998
0eb876b9-ac94-46f4-aa5e-5e93d2566d90,aaaaaab1-0000-4001-0199-cbcb94832f2e,307593.363454193,2770494.0641223984,0.2,305903.5273757276,2771031.909409712,1.0,7300.0
b6fc7662-3347-4598-a156-2a5129f1ad82,aaaaaab1-0000-4001-0199-cbcb94832f2e,305863.16533751704,2771031.7442348353,2.4000000000000004,307593.363454193,2770494.0641223984,1.3,8100.0
f537e6a8-9b47-480b-9858-be482579db24,aaaaaab1-0000-4001-0199-cbcb94832f2e,304913.0188630984,2771360.1930063483,0.6000000000000001,305863.16533751704,2771031.7442348353,1.4000000000000001,9400.000000000002
7d376dcb-edcb-4435-97f2-0d2a05948df7,aaaaaab1-0000-4001-0199-cbcb94832f2e,308013.9844185636,2772601.9902052563,5.0,304913.0188630984,2771360.1930063483,0.9,14800.0
21f0cea0-451d-4ba2-b10b-c405ceed0c41,aaaaaab1-0000-4001-0199-cbcb94832f2e,303556.42778982595,2768847.1469293498,0.8,308013.9844185636,2772601.9902052563,1.3,8500.0
fdf7cc5b-5823-494d-8655-723e9a8e705a,aaaaaab1-0000-4001-0199-cbcb94832f2e,301037.87859507825,2770099.363655101,0.6000000000000001,303556.42778982595,2768847.1469293498,0.30000000000000004,16900.0
240c4fec-0817-4ab4-bf55-d76a48d87522,aaaaaab1-0000-4001-0199-cbcb94832f2e,305081.2178239325,2769610.6336071044,0.9,301037.87859507825,2770099.363655101,0.8,15600.0
ecbdf7b3-a410-426b-9571-a72e77f8433c,aaaaaab1-0000-4001-0199-cbcb94832f2e,302790.31143433525,2772088.4229732403,3.1,303556.42778982595,2768847.1469293498,0.4,15400.0
6d507877-8231-4d48-8dd3-eeeb43babfef,aaaaaab1-0000-4001-0199-cbcb94832f2e,306287.75595148036,2768882.4911986194,0.8,302790.31143433525,2772088.4229732403,5.1000000000000005,21600.0
2ed2ebae-2343-4ae6-8234-a177f37c3123,aaaaaab1-0000-4001-0199-cbcb94832f2e,301037.87859507825,2770099.363655101,3.8000000000000003,303676.9244625684,2771698.8779749246,3.2,6000.000000000001
f71a2c10-4416-4b96-a507-ffd62c2dc2d7,aaaaaab1-0000-4001-0199-cbcb94832f2e,305094.8132848267,2771318.833675201,0.2,304913.0188630984,2771360.1930063483,2.4000000000000004,14900.000000000002
212ebd6e-6fbf-428a-ad3c-afcfad724b89,aaaaaab1-0000-4001-0199-cbcb94832f2e,303676.9244625684,2771698.8779749246,1.3,305094.8132848267,2771318.833675201,0.6000000000000001,12300.0
912bf69e-26c9-41b8-a2c8-ed67b781d699,aaaaaab1-0000-4001-0199-cbcb94832f2e,301073.26113337174,2766976.10191523,4.0,300662.7805191811,2779114.9761279747,1.2000000000000002,27800.0
24904bb5-92e9-40c5-bfdc-4ae6c2283ec5,aaaaaab1-0000-4001-0199-cbcb94832f2e,301048.86577048973,2769022.199118984,2.9000000000000004,304212.9102432257,2770810.0935203093,1.0,2900.0000000000005
ced1f4a9-1769-44b9-901a-d646ec667fcb,aaaaaab1-0000-4001-0199-cbcb94832f2e,305563.2039442711,2769311.4084782666,3.0,301048.86577048973,2769022.199118984,6.4,17200.000000000004
7a78b427-99a5-44ca-a894-bbc6b65ceace,aaaaaab1-0000-4001-0199-cbcb94832f2e,304278.8558765026,2772725.5256172507,1.6,305563.2039442711,2769311.4084782666,2.1,18300.0
1d086847-9079-47fe-91ef-4ff2e7fee049,aaaaaab1-0000-4001-0199-cbcb94832f2e,305863.16533751704,2771031.7442348353,0.2,305081.2178239325,2769610.6336071044,0.6000000000000001,7100.000000000001
3bb55c7e-8669-40cb-a02e-17c5a48f5375,aaaaaab1-0000-4001-0199-cbcb94832f2e,305563.2039442711,2769311.4084782666,1.7000000000000002,305863.16533751704,2771031.7442348353,0.2,9200.000000000002
ab8f2dd2-1d3e-4058-b547-5fc9493cb3c6,aaaaaab1-0000-4001-0199-cbcb94832f2e,305500.48038706393,2770193.859432476,4.5,305563.2039442711,2769311.4084782666,3.2,4600.0
c1baa231-7dd9-4dbd-89cd-1e1bc2332f16,aaaaaab1-0000-4001-0199-cbcb94832f2e,303516.05942431465,2768846.988808574,1.9000000000000001,305500.48038706393,2770193.859432476,0.1,21900.000000000004
eccb5ab5-f9ea-4538-9abd-55f7d3bfab31,aaaaaab1-0000-4001-0199-cbcb94832f2e,306281.8534883626,2768845.3597861715,1.4000000000000001,305869.78915191116,2772470.5342006977,0.30000000000000004,9399.999999999998
ff4bac2a-1835-460f-ae48-81d181b0832d,aaaaaab1-0000-4001-0199-cbcb94832f2e,306272.6523465576,2771495.2164945644,2.2,306281.8534883626,2768845.3597861715,3.2,6100.000000000001
9cf49d04-7abd-4e9f-8a91-16c5a52b5f69,aaaaaab1-0000-4001-0199-cbcb94832f2e,306839.3180423124,2772732.9596088463,0.30000000000000004,306272.6523465576,2771495.2164945644,2.7,13299.999999999998
f6096be3-5f47-4b01-87a9-1ce58f413be2,aaaaaab1-0000-4001-0199-cbcb94832f2e,305563.2039442711,2769311.4084782666,1.0,306839.3180423124,2772732.9596088463,5.5,12500.0
3dcadba5-4bcd-43df-bcbf-cb23ee1c9deb,ae7dd868-2230-4cbe-852a-dfe4e41240c5,301796.3391967125,2772573.0980637744,7.6000000000000005,304913.0188630984,2771360.1930063483,15.600000000000001,32700.000000000004
31b7a902-c659-4a22-8f13-ed4cd0222ef5,ae7dd868-2230-4cbe-852a-dfe4e41240c5,305903.5273757276,2771031.909409712,2.9000000000000004,301796.3391967125,2772573.0980637744,5.2,22900.000000000004
e49cb2ff-0f30-42a2-a270-d1c9ba43d09b,ae7dd868-2230-4cbe-852a-dfe4e41240c5,304913.0188630984,2771360.1930063483,2.5,305903.5273757276,2771031.909409712,2.5,19300.0
cfdff9e6-1c46-46b7-8130-9bd330e3afb2,ae7dd868-2230-4cbe-852a-dfe4e41240c5,305863.16533751704,2771031.7442348353,3.7,304913.0188630984,2771360.1930063483,14.600000000000001,19100.0
224de9e2-f204-4f78-9d8e-a7ff8e7d01da,ae7dd868-2230-4cbe-852a-dfe4e41240c5,305863.16533751704,2771031.7442348353,0.2,305863.16533751704,2771031.7442348353,3.1,23900.000000000007
04f0bd54-d4df-497c-8b87-d034a9b3289a,ae7dd868-2230-4cbe-852a-dfe4e41240c5,305863.16533751704,2771031.7442348353,0.4,305863.16533751704,2771031.7442348353,3.8000000000000003,17600.0
a2311ac7-db56-465a-9bb1-3c1038d8bb6e,ae7dd868-2230-4cbe-852a-dfe4e41240c5,293915.1035738786,2768401.496854659,0.1,304913.0188630984,2771360.1930063483,14.4,100.0
6dca55d7-d63f-47d1-b907-8c8e7363110b,ae7dd868-2230-4cbe-852a-dfe4e41240c5,305866.55228863197,2768944.8973713377,3.4000000000000004,293915.1035738786,2768401.496854659,1.0,20500.0
543141bd-982a-42a6-b433-e9d1d0bd48b4,ae7dd868-2230-4cbe-852a-dfe4e41240c5,305863.16533751704,2771031.7442348353,0.1,305866.55228863197,2768944.8973713377,2.3000000000000003,16600.0
0324a713-9051-469b-8756-b55603d5a7bf,ae7dd868-2230-4cbe-852a-dfe4e41240c5,304913.0188630984,2771360.1930063483,3.3000000000000003,305863.16533751704,2771031.7442348353,4.0,12300.0
97187e26-a3bb-4b78-b15b-d8c04336848c,ae7dd868-2230-4cbe-852a-dfe4e41240c5,293920.5435856211,2768812.896988512,0.5,304913.0188630984,2771360.1930063483,14.4,600.0
e9e5a5bf-938c-4ba6-abb3-d59256c23ccd,ae7dd868-2230-4cbe-852a-dfe4e41240c5,305903.5273757276,2771031.909409712,0.5,293920.5435856211,2768812.896988512,17.7,13100.000000000002
dce7b6ac-9229-4c04-a308-87154ed8ddaa,ae7dd868-2230-4cbe-852a-dfe4e41240c5,305863.16533751704,2771031.7442348353,0.7000000000000001,305903.5273757276,2771031.909409712,1.3,17400.0
14403602-2303-4e4e-bb63-15a818ba10bd,ae7dd868-2230-4cbe-852a-dfe4e41240c5,305863.16533751704,2771031.7442348353,0.5,305863.16533751704,2771031.7442348353,2.0,25200.0
04781a6f-3116-4ff5-8d6e-9e5eb00f4c3a,ae7dd868-2230-4cbe-852a-dfe4e41240c5,305863.16533751704,2771031.7442348353,0.2,305863.16533751704,2771031.7442348353,3.5,25300.0
331e71cc-7401-49f3-8b28-143a6dcf0549,ae7dd868-2230-4cbe-852a-dfe4e41240c5,304913.0188630984,2771360.1930063483,2.2,305863.16533751704,2771031.7442348353,0.9,21200.0
be480243-2977-4f1d-ba7d-259b9be419af,ae7dd868-2230-4cbe-852a-dfe4e41240c5,293915.1035738786,2768401.496854659,0.1,304913.0188630984,2771360.1930063483,14.4,100.0
6967c33c-9608-4ada-b413-ecbef0585f89,ae7dd868-2230-4cbe-852a-dfe4e41240c5,305903.5273757276,2771031.909409712,2.8000000000000003,307167.5533406407,2770799.213096075,1.1,13000.0
089eb24c-a33f-4f16-9e8f-b00eca4a46ea,ae7dd868-2230-4cbe-852a-dfe4e41240c5,305863.16533751704,2771031.7442348353,4.7,305903.5273757276,2771031.909409712,1.1,23400.000000000004
f41a3266-1aa3-4243-9a75-dbe59e832711,ae7dd868-2230-4cbe-852a-dfe4e41240c5,305863.16533751704,2771031.7442348353,0.1,305863.16533751704,2771031.7442348353,3.3000000000000003,11900.0
e56fc03d-858f-4d42-9c4e-99b39364334a,ae7dd868-2230-4cbe-852a-dfe4e41240c5,304913.0188630984,2771360.1930063483,2.4000000000000004,305863.16533751704,2771031.7442348353,1.2000000000000002,14200.0
c90c7bea-0d22-4a0b-80be-2611e59f507e,ae7dd868-2230-4cbe-852a-dfe4e41240c5,293915.1035738786,2768401.496854659,1.0,304913.0188630984,2771360.1930063483,15.5,1000.0
cc8bbcd6-2d16-4bf9-b808-686e9012e8c8,ae7dd868-2230-4cbe-852a-dfe4e41240c5,304913.0188630984,2771360.1930063483,0.7000000000000001,293915.1035738786,2768401.496854659,1.4000000000000001,14100.000000000002
00ee80e7-08aa-4d5c-82de-523f1037d27b,ae7dd868-2230-4cbe-852a-dfe4e41240c5,293955.472788715,2768401.626598726,1.1,304913.0188630984,2771360.1930063483,15.5,1300.0000000000002
5a32bb15-9a8d-4528-92fc-a09866ee55fa,ae7dd868-2230-4cbe-852a-dfe4e41240c5,305863.16533751704,2771031.7442348353,0.8,293955.472788715,2768401.626598726,0.30000000000000004,19900.000000000007
e36886a2-6b97-4455-b591-1ef24e8e5151,ae7dd868-2230-4cbe-852a-dfe4e41240c5,307167.5533406407,2770799.213096075,3.8000000000000003,305863.16533751704,2771031.7442348353,0.9,14500.000000000002
3988c750-0498-4d38-ac88-d64cb2aac84f,ae7dd868-2230-4cbe-852a-dfe4e41240c5,305863.16533751704,2771031.7442348353,0.1,307167.5533406407,2770799.213096075,1.4000000000000001,17000.0
efd954f5-f145-48c0-8afe-f4b4b137131a,ae7dd868-2230-4cbe-852a-dfe4e41240c5,304913.0188630984,2771360.1930063483,1.9000000000000001,305863.16533751704,2771031.7442348353,0.4,12600.000000000002
d6728cad-1a36-47f0-8f8c-c2fd95ddfa2f,ae7dd868-2230-4cbe-852a-dfe4e41240c5,300714.0282986027,2770784.5788270766,5.0,304913.0188630984,2771360.1930063483,5.0,5000.0
50f0a182-7a89-46ad-8570-c8a255a2030b,ae7dd868-2230-4cbe-852a-dfe4e41240c5,305863.16533751704,2771031.7442348353,1.7000000000000002,300714.0282986027,2770784.5788270766,1.7000000000000002,10300.0
