scooter_id,exchange_id,station_lon_A,station_lat_A,station_lon_B,station_lat_B,riding_distance_trip1,riding_distance_tripn,total_distance
0001dafa-600c-49c6-8fc9-7be8c8c7b9af,bbf7b0e5-6add-4a4d-b703-3a67730f6887,179798.2569334365,2507766.344812636,180585.7010004751,2505941.472280396,1500.0,1100.0,7100.000000000001
0001dafa-600c-49c6-8fc9-7be8c8c7b9af,52caa861-60e7-4d51-b627-283f65b4c48c,180585.7010004751,2505941.472280396,180585.7010004751,2505941.472280396,1100.0,18100.0,1100.0
0001dafa-600c-49c6-8fc9-7be8c8c7b9af,d32802d5-9e03-4dda-9568-d8cd4e0a958a,180327.7181467665,2507112.903458096,180585.7010004751,2505941.472280396,32700.000000000004,1000.0,37900.00000000001
0001dafa-600c-49c6-8fc9-7be8c8c7b9af,523637bb-5644-4aa4-a2d6-1a43ae9cef6a,180327.7181467665,2507112.903458096,180585.7010004751,2505941.472280396,600.0000000000001,7900.0,25600.0
0001dafa-600c-49c6-8fc9-7be8c8c7b9af,6b6d21a3-15fb-468e-ac8c-274e4b893f79,180327.7181467665,2507112.903458096,180585.7010004751,2505941.472280396,600.0000000000001,2800.0000000000005,33000.0
0001dafa-600c-49c6-8fc9-7be8c8c7b9af,9a60b072-b9cf-4c3e-91ff-c7a2b4c1ce06,180294.06022529825,2507056.581574382,180585.7010004751,2505941.472280396,600.0000000000001,2800.0000000000005,15000.0
0001dafa-600c-49c6-8fc9-7be8c8c7b9af,dcc2dd3f-af1e-4b94-a6f5-18914fe7a689,197136.75392142413,2509339.5618395093,180585.7010004751,2505941.472280396,18300.0,2300.0000000000005,45700.0
0001dafa-600c-49c6-8fc9-7be8c8c7b9af,08dba0d2-b19d-43b7-b57c-659d57019581,179798.2569334365,2507766.344812636,179798.2569334365,2507766.344812636,1500.0,7200.0,14100.000000000002
0001dafa-600c-49c6-8fc9-7be8c8c7b9af,d1b27c5d-5865-4e6f-9021-25927e2b7432,179798.2569334365,2507766.344812636,179798.2569334365,2507766.344812636,1500.0,26800.0,24600.0
0001dafa-600c-49c6-8fc9-7be8c8c7b9af,1a768bb2-ba86-4eb2-b919-f9c8c0395655,180585.7010004751,2505941.472280396,179798.2569334365,2507766.344812636,700.0000000000001,3000.0,18500.0
0001dafa-600c-49c6-8fc9-7be8c8c7b9af,f379deed-cf7e-42a5-849c-424f5d87b591,180585.7010004751,2505941.472280396,179798.2569334365,2507766.344812636,1200.0000000000002,3200.0,22800.0
0001dafa-600c-49c6-8fc9-7be8c8c7b9af,1798100b-a2f1-4593-8cc0-4b8cc376c68e,180585.7010004751,2505941.472280396,179798.2569334365,2507766.344812636,300.00000000000006,40100.0,300.00000000000006
0001dafa-600c-49c6-8fc9-7be8c8c7b9af,01af6578-1a68-4a56-b2a2-38b91ae22b7c,180294.06022529825,2507056.581574382,179798.2569334365,2507766.344812636,600.0000000000001,7100.000000000001,21400.000000000004
00466a58-c917-4874-9eac-025398402c23,a2095c94-4104-4c48-ad0a-e60d53760be1,178247.32011541288,2501573.430665602,179798.2569334365,2507766.344812636,500.0,3300.0000000000005,9600.0
0001dafa-600c-49c6-8fc9-7be8c8c7b9af,3e5e5446-9c12-4101-a3e8-0d1465206ac6,179798.2569334365,2507766.344812636,180327.7181467665,2507112.903458096,1500.0,700.0000000000001,24600.0
0001dafa-600c-49c6-8fc9-7be8c8c7b9af,8cdc1817-7c5e-4f09-89ae-75fbd90ddbc7,179798.2569334365,2507766.344812636,180327.7181467665,2507112.903458096,400.0,1300.0,9400.000000000002
0001dafa-600c-49c6-8fc9-7be8c8c7b9af,ffef1246-6fb2-45ed-880d-04b709bae6d8,180585.7010004751,2505941.472280396,180327.7181467665,2507112.903458096,1100.0,2100.0,26500.000000000004
0001dafa-600c-49c6-8fc9-7be8c8c7b9af,f291e0e6-6fee-4243-bdca-9a69caac92a8,180585.7010004751,2505941.472280396,180327.7181467665,2507112.903458096,300.00000000000006,600.0000000000001,300.00000000000006
0001dafa-600c-49c6-8fc9-7be8c8c7b9af,adf192ff-cfbc-491f-8370-3a880f514b3a,180585.7010004751,2505941.472280396,180327.7181467665,2507112.903458096,300.00000000000006,300.00000000000006,300.00000000000006
0001dafa-600c-49c6-8fc9-7be8c8c7b9af,4be3c26f-13cc-4124-9c50-592f4e878088,180327.7181467665,2507112.903458096,180327.7181467665,2507112.903458096,800.0,1100.0,16200.0
0001dafa-600c-49c6-8fc9-7be8c8c7b9af,12bcf1b8-2de5-4404-bc42-abb60d904f1a,182793.81957365063,2505028.4493257515,180327.7181467665,2507112.903458096,5700.0,800.0,24100.0
0001dafa-600c-49c6-8fc9-7be8c8c7b9af,e4eed2d0-b333-4348-9425-ead41770f555,177769.64066470147,2521180.914538399,180327.7181467665,2507112.903458096,17700.0,300.00000000000006,22099.999999999996
0001dafa-600c-49c6-8fc9-7be8c8c7b9af,1bfa0aa8-86c4-4b07-9bb2-dac232982b32,179138.28271613378,2504329.926357094,180327.7181467665,2507112.903458096,3200.0,2300.0000000000005,24200.0
0001dafa-600c-49c6-8fc9-7be8c8c7b9af,c7c9d9be-e6aa-4bc0-bac8-9276c4e8baba,179798.2569334365,2507766.344812636,177769.64066470147,2521180.914538399,400.0,27800.0,1600.0
00466a58-c917-4874-9eac-025398402c23,9c5ff6d9-a699-4f34-b24f-bab425631e11,179798.2569334365,2507766.344812636,179597.17436848447,2500848.9371101195,8000.0,800.0,8000.0
0001dafa-600c-49c6-8fc9-7be8c8c7b9af,363d57c6-4f4c-4328-abca-fcbdd180011c,180327.7181467665,2507112.903458096,182793.81957365063,2505028.4493257515,500.0,1300.0,3300.0000000000005
0001dafa-600c-49c6-8fc9-7be8c8c7b9af,64c66886-e2d1-4559-8ff3-8bc53ff89591,180327.7181467665,2507112.903458096,178906.06579183924,2518126.8255772567,900.0,3900.0000000000005,31300.000000000004
0001dafa-600c-49c6-8fc9-7be8c8c7b9af,8bd1a7df-588b-4afc-ac17-b5a1cf528a9c,180327.7181467665,2507112.903458096,180294.06022529825,2507056.581574382,700.0000000000001,14900.0,700.0000000000001
0001dafa-600c-49c6-8fc9-7be8c8c7b9af,100ebf69-451e-4948-8cd4-358e699bcbed,178906.06579183924,2518126.8255772567,180294.06022529825,2507056.581574382,12900.0,6800.000000000001,20500.0
0001dafa-600c-49c6-8fc9-7be8c8c7b9af,a5b1cfa9-e0d3-4c34-a7c0-5b314e4a290b,180327.7181467665,2507112.903458096,178439.3219557135,2507869.4339114823,600.0000000000001,3100.0,9300.0
0001dafa-600c-49c6-8fc9-7be8c8c7b9af,e6d4a69d-ab05-4540-99e0-fca638340326,180327.7181467665,2507112.903458096,197136.75392142413,2509339.5618395093,13200.000000000002,1400.0000000000002,34700.0
0001dafa-600c-49c6-8fc9-7be8c8c7b9af,38c5a92d-3b0f-4d20-959a-1e62847dcb4f,178439.3219557135,2507869.4339114823,179138.28271613378,2504329.926357094,16400.000000000004,10900.0,16400.000000000004
0003db66-0039-4efb-8e74-91d79da7ec1d,ae793649-70fb-4d4e-b6ad-1878e1189db1,167471.47734030575,2542074.864000948,167471.47734030575,2542074.864000948,100.0,900.0,100.0
0003db66-0039-4efb-8e74-91d79da7ec1d,7a92d8e2-4a54-4e46-a910-8dbff23dd636,167471.47734030575,2542074.864000948,167471.47734030575,2542074.864000948,900.0,600.0000000000001,1500.0
0003db66-0039-4efb-8e74-91d79da7ec1d,c73a0c5a-2a37-4568-9580-a6a4bcb5f3e5,167471.47734030575,2542074.864000948,167471.47734030575,2542074.864000948,100.0,500.0,100.0
0003db66-0039-4efb-8e74-91d79da7ec1d,de726f91-98ac-4256-96d6-4bf8fb1bf877,166144.48787045392,2537132.180828366,167471.47734030575,2542074.864000948,5700.0,500.0,9000.0
0003db66-0039-4efb-8e74-91d79da7ec1d,f4ceef77-7de3-40c8-b5ac-0fbaad2a5dcd,169927.30195873656,2534201.6490018656,167471.47734030575,2542074.864000948,9500.0,1700.0000000000002,10900.0
0003db66-0039-4efb-8e74-91d79da7ec1d,5c83f53d-d43f-4cf3-8914-1f56bab873cf,167471.47734030575,2542074.864000948,172198.10290886337,2523928.541211053,900.0,800.0,1500.0
0003db66-0039-4efb-8e74-91d79da7ec1d,9094ed83-2b02-4057-9323-5b08516f7156,172485.88784452097,2521541.73116399,166144.48787045392,2537132.180828366,15500.0,15500.0,0.0
0003db66-0039-4efb-8e74-91d79da7ec1d,6cbf109e-327d-4be2-a34f-41dce3867cb2,176929.02316554263,2505822.7485880605,172485.88784452097,2521541.73116399,15300.0,15300.0,0.0
0003db66-0039-4efb-8e74-91d79da7ec1d,cdc38b6c-2333-4bb0-9193-0b69b999ebd2,176929.02316554263,2505822.7485880605,176915.14943989634,2507435.142119396,1300.0,1300.0,0.0
0003db66-0039-4efb-8e74-91d79da7ec1d,e7ad6229-ef2b-4e21-a0ea-f78faeb5ca29,176929.02316554263,2505822.7485880605,176929.02316554263,2505822.7485880605,2600.0,900.0,4000.0
0003db66-0039-4efb-8e74-91d79da7ec1d,978219b4-24fe-4ab4-adce-b15e574d3633,180495.52355014972,2503670.692490407,176929.02316554263,2505822.7485880605,2500.0,3900.0000000000005,4700.0
0003db66-0039-4efb-8e74-91d79da7ec1d,8e8838cd-6b56-49ae-8fb8-7b342fa561bb,178144.43132464442,2504075.5498398347,176929.02316554263,2505822.7485880605,300.00000000000006,4100.000000000001,2100.0
0003db66-0039-4efb-8e74-91d79da7ec1d,7ef5ea49-2fe3-4ed6-8e51-8b32975113c0,180905.25843997463,2515382.7355673523,180495.52355014972,2503670.692490407,11600.000000000002,3400.0000000000005,11600.000000000002
0003db66-0039-4efb-8e74-91d79da7ec1d,24d39c15-f777-406e-bef7-60fd3460391a,176915.14943989634,2507435.142119396,180905.25843997463,2515382.7355673523,800.0,8600.0,800.0
0003db66-0039-4efb-8e74-91d79da7ec1d,160bed15-ff68-46d5-b4bf-234e6a3f585b,178626.1089146944,2502750.44368921,178144.43132464442,2504075.5498398347,100.0,2500.0,1800.0
0003db66-0039-4efb-8e74-91d79da7ec1d,d0a33fa2-076d-4e9a-b817-9fed4ebd11fd,178626.1089146944,2502750.44368921,179462.92093953694,2500652.7776554795,100.0,300.00000000000006,100.0
0003db66-0039-4efb-8e74-91d79da7ec1d,5d0d97ee-9edc-459b-9967-8f592523dcb0,178626.1089146944,2502750.44368921,177606.89360191123,2505524.0790632414,100.0,3300.0000000000005,100.0
0003db66-0039-4efb-8e74-91d79da7ec1d,5827d45c-80f7-41bb-b60f-be248ba1ee40,183964.8702839958,2499118.7572463606,178626.1089146944,2502750.44368921,7500.0,1700.0000000000002,10000.0
0003db66-0039-4efb-8e74-91d79da7ec1d,0e6b3381-0c91-4517-8a0d-f8eb9325f0f3,179141.7452248843,2507981.657564764,178626.1089146944,2502750.44368921,4300.0,300.00000000000006,8600.0
0003db66-0039-4efb-8e74-91d79da7ec1d,9fe1ca4f-6c0f-4338-8b87-f967b825715c,178757.26463105954,2501707.587660399,178626.1089146944,2502750.44368921,300.00000000000006,200.0,1600.0
0003db66-0039-4efb-8e74-91d79da7ec1d,bd9ec6e4-0c1a-46ac-924c-78855a3fa4a0,194327.4049099363,2488021.9779266063,183964.8702839958,2499118.7572463606,16800.0,16800.0,0.0
0003db66-0039-4efb-8e74-91d79da7ec1d,54192731-8fd2-4ea7-9ef8-2a06042ac602,194761.50316966517,2484825.949641587,194327.4049099363,2488021.9779266063,2900.0000000000005,2900.0000000000005,0.0
0003db66-0039-4efb-8e74-91d79da7ec1d,8e8891f2-353c-4574-8a07-208fdccc360e,193940.68119286955,2485889.4869665983,194761.50316966517,2484825.949641587,1000.0,1300.0,2500.0
0003db66-0039-4efb-8e74-91d79da7ec1d,7497bf18-b80d-4bb2-bde7-47bdd960da08,179462.92093953694,2500652.7776554795,193940.68119286955,2485889.4869665983,21700.000000000004,21700.000000000004,0.0
0003db66-0039-4efb-8e74-91d79da7ec1d,2ec5cde9-666f-4cb2-b97e-6108c20b1200,172198.10290886337,2523928.541211053,179141.7452248843,2507981.657564764,18400.000000000004,18400.000000000004,0.0
0003db66-0039-4efb-8e74-91d79da7ec1d,a31a23d3-f4cd-4031-99bb-c1acaf79bb1c,176078.88398101338,2523635.938262046,169927.30195873656,2534201.6490018656,10700.000000000002,10700.000000000002,0.0
0003db66-0039-4efb-8e74-91d79da7ec1d,b8fe0de5-e597-40ec-a0b5-d658bddee6e2,180701.38120300067,2513399.146658311,176078.88398101338,2523635.938262046,9600.000000000002,9600.000000000002,0.0
0003db66-0039-4efb-8e74-91d79da7ec1d,b6a715df-f750-4b3f-a570-7aeb5e78dca4,180428.5685956177,2509871.65765708,180701.38120300067,2513399.146658311,3000.0,3000.0,0.0
0003db66-0039-4efb-8e74-91d79da7ec1d,bf994fcf-caaa-452a-b25a-48000d6a527d,177409.14129745343,2503163.342247033,180208.6918343968,2509560.606372341,1200.0000000000002,4800.000000000001,6100.000000000001
0003db66-0039-4efb-8e74-91d79da7ec1d,276bd744-82a4-4a9e-8c7f-e4fac4ce0d7b,177606.89360191123,2505524.0790632414,177409.14129745343,2503163.342247033,900.0,1200.0000000000002,9500.000000000002
00466a58-c917-4874-9eac-025398402c23,833e907c-69d4-4084-af59-651718c04eb3,178757.26463105954,2501707.587660399,178508.2870121554,2500765.72236159,100.0,2000.0,8100.000000000002
00466a58-c917-4874-9eac-025398402c23,9c1a476e-0542-428b-82ba-0612f2dfd99c,178757.26463105954,2501707.587660399,179100.15023627057,2502111.178504078,600.0000000000001,1000.0,10400.0
00466a58-c917-4874-9eac-025398402c23,b6dc1d98-e692-48e4-9f5b-af3ef482388c,178757.26463105954,2501707.587660399,178247.32011541288,2501573.430665602,100.0,700.0000000000001,7500.0
00466a58-c917-4874-9eac-025398402c23,582af790-4ae8-4fbd-8f76-3eb1509fcda8,178247.32011541288,2501573.430665602,178247.32011541288,2501573.430665602,300.00000000000006,900.0,600.0000000000001
00466a58-c917-4874-9eac-025398402c23,40f5b9d7-44ad-41d3-a0f3-3503090637b8,178247.32011541288,2501573.430665602,178247.32011541288,2501573.430665602,400.0,2300.0000000000005,400.0
00466a58-c917-4874-9eac-025398402c23,b1749c72-a60e-42c9-9368-865b1434ce01,178247.32011541288,2501573.430665602,178247.32011541288,2501573.430665602,500.0,1500.0,12800.000000000002
00466a58-c917-4874-9eac-025398402c23,2b30e74d-80b4-4dba-a4f5-2c1e0082fec8,178247.32011541288,2501573.430665602,178247.32011541288,2501573.430665602,400.0,1400.0000000000002,13200.000000000004
00466a58-c917-4874-9eac-025398402c23,874d4771-4382-42e0-8e8d-6870fc491945,178513.00053978065,2499814.370889985,178247.32011541288,2501573.430665602,1900.0000000000002,900.0,12000.000000000002
00466a58-c917-4874-9eac-025398402c23,4552255b-9ace-47fe-9df7-bbd5156027b1,178513.00053978065,2499814.370889985,178247.32011541288,2501573.430665602,2400.0000000000005,100.0,8300.0
00466a58-c917-4874-9eac-025398402c23,1a8d03c0-37bf-4a2c-9ede-29c07ec3fa53,180800.6329086618,2499303.684204426,178247.32011541288,2501573.430665602,300.00000000000006,4900.0,16500.0
00466a58-c917-4874-9eac-025398402c23,a2754dc6-b78d-444f-b067-84f95d085f73,176588.63177463273,2502463.6363956146,178247.32011541288,2501573.430665602,700.0000000000001,6100.000000000001,14300.0
00466a58-c917-4874-9eac-025398402c23,9749f80a-b058-493b-a557-d9b1881eb5d1,179597.17436848447,2500848.9371101195,178247.32011541288,2501573.430665602,200.0,1700.0000000000002,7399.999999999999
00466a58-c917-4874-9eac-025398402c23,3ed6aa0d-894d-48ec-beac-6c28ee9cb1ea,178757.26463105954,2501707.587660399,178140.07618652063,2503585.895153676,300.00000000000006,1100.0,23900.000000000004
0012abe8-d98e-4729-b6fb-c44736dc15a8,4be579e4-b570-4d1a-be91-9d4ab3f98491,292871.98990195204,2764846.8391977167,292843.1084100157,2764720.920062988,100.0,1200.0000000000002,15299.999999999998
0012abe8-d98e-4729-b6fb-c44736dc15a8,15e0bab9-a331-4307-b86b-ecb39d7993f2,292871.98990195204,2764846.8391977167,292843.1084100157,2764720.920062988,700.0000000000001,1700.0000000000002,15800.0
0012abe8-d98e-4729-b6fb-c44736dc15a8,0c7ecb59-6c83-4be2-8f46-668a39ff2641,292843.1084100157,2764720.920062988,292843.1084100157,2764720.920062988,1400.0000000000002,300.00000000000006,9200.000000000002
0012abe8-d98e-4729-b6fb-c44736dc15a8,1f8633d7-9fed-4252-af56-4d9c63c7addb,292843.1084100157,2764720.920062988,292843.1084100157,2764720.920062988,800.0,2100.0,11900.0
0012abe8-d98e-4729-b6fb-c44736dc15a8,1264b8a6-b536-4d72-965a-a112f4a8ef05,292843.1084100157,2764720.920062988,292843.1084100157,2764720.920062988,1600.0,2100.0,11100.000000000002
0012abe8-d98e-4729-b6fb-c44736dc15a8,d27fb7c5-c28b-43e3-9017-8764e6000c99,292843.1084100157,2764720.920062988,292843.1084100157,2764720.920062988,100.0,1600.0,3000.0
0012abe8-d98e-4729-b6fb-c44736dc15a8,66b76ff4-d145-42b7-a9d0-d17630733aeb,292843.1084100157,2764720.920062988,292843.1084100157,2764720.920062988,100.0,2200.0,14100.000000000002
0012abe8-d98e-4729-b6fb-c44736dc15a8,67e5608c-da6d-4ecb-9705-ba4bb69fc93b,292843.1084100157,2764720.920062988,292843.1084100157,2764720.920062988,1600.0,1300.0,3200.0
0012abe8-d98e-4729-b6fb-c44736dc15a8,8527d30f-fc67-4496-b535-e0124d99e797,292843.1084100157,2764720.920062988,292843.1084100157,2764720.920062988,2100.0,600.0000000000001,15000.000000000002
0012abe8-d98e-4729-b6fb-c44736dc15a8,a75c5124-1253-44ce-bb3b-89810c0584bd,292843.1084100157,2764720.920062988,292843.1084100157,2764720.920062988,1300.0,700.0000000000001,11000.000000000002
0012abe8-d98e-4729-b6fb-c44736dc15a8,67b35097-ac21-4edd-b763-edb3ec5dcf91,292843.1084100157,2764720.920062988,292843.1084100157,2764720.920062988,1700.0000000000002,1600.0,7400.0
0012abe8-d98e-4729-b6fb-c44736dc15a8,ae241bcb-31f4-435e-9380-7d4d8fac4a29,304172.54764214583,2770809.933354509,292843.1084100157,2764720.920062988,2400.0000000000005,100.0,22000.0
0012abe8-d98e-4729-b6fb-c44736dc15a8,9eb59772-d647-4061-ad18-36d90ff9ea9c,291843.5035205309,2764287.619009417,292843.1084100157,2764720.920062988,1400.0000000000002,700.0000000000001,13600.000000000004
0012abe8-d98e-4729-b6fb-c44736dc15a8,e2ace0ef-1043-401e-99cb-80c0c2eb27dc,292364.0596337467,2764797.8507239907,292843.1084100157,2764720.920062988,1500.0,3100.0,14299.999999999998
0012abe8-d98e-4729-b6fb-c44736dc15a8,d10f7eb2-0261-4067-ad46-978992f47bad,292632.2219826092,2763618.2646933044,292843.1084100157,2764720.920062988,1900.0000000000002,800.0,9400.0
0012abe8-d98e-4729-b6fb-c44736dc15a8,3fa23d5c-9b0a-425e-b515-50b57744ad76,300678.3197832067,2773009.7531924737,292843.1084100157,2764720.920062988,200.0,23900.000000000004,32900.00000000001
0012abe8-d98e-4729-b6fb-c44736dc15a8,f89a7aaa-d139-4997-acd1-3d84749ac5b7,293393.6248654305,2765157.295014579,292843.1084100157,2764720.920062988,1000.0,1600.0,15100.000000000002
0012abe8-d98e-4729-b6fb-c44736dc15a8,04049dbb-3b8e-4d73-be7b-01c118807fc2,292871.98990195204,2764846.8391977167,304172.54764214583,2770809.933354509,200.0,600.0000000000001,5200.0
0012abe8-d98e-4729-b6fb-c44736dc15a8,a2bc9209-b391-4730-9522-8e1fb21dfadf,292843.1084100157,2764720.920062988,292871.98990195204,2764846.8391977167,1800.0,1200.0000000000002,11500.000000000002
0012abe8-d98e-4729-b6fb-c44736dc15a8,fb553bfa-5735-44f4-93df-3a8476c989ac,292843.1084100157,2764720.920062988,292871.98990195204,2764846.8391977167,1400.0000000000002,700.0000000000001,15200.000000000004
0012abe8-d98e-4729-b6fb-c44736dc15a8,78662fa7-5309-4307-9520-7f6aa1bb7d30,292843.1084100157,2764720.920062988,292871.98990195204,2764846.8391977167,400.0,2400.0000000000005,6700.0
0012abe8-d98e-4729-b6fb-c44736dc15a8,6295ae53-1406-498f-84c5-8767ad8b8581,292843.1084100157,2764720.920062988,291843.5035205309,2764287.619009417,100.0,2600.0,3300.0000000000005
0012abe8-d98e-4729-b6fb-c44736dc15a8,0956794f-74cc-467b-bcc9-4a9547a8aeff,292843.1084100157,2764720.920062988,292632.2219826092,2763618.2646933044,2900.0000000000005,700.0000000000001,13100.0
0012abe8-d98e-4729-b6fb-c44736dc15a8,999a4e3f-8209-49f3-890b-91ca0b1df227,292843.1084100157,2764720.920062988,292632.2219826092,2763618.2646933044,1900.0000000000002,2400.0000000000005,16100.000000000005
0012abe8-d98e-4729-b6fb-c44736dc15a8,d2d7cd4a-20e4-4c86-b5ce-dd9226723dbb,293393.6248654305,2765157.295014579,292632.2219826092,2763618.2646933044,900.0,1500.0,8500.0
0012abe8-d98e-4729-b6fb-c44736dc15a8,436541c2-f8e9-45ef-8a99-f4b7a129e52e,292843.1084100157,2764720.920062988,293393.6248654305,2765157.295014579,500.0,300.00000000000006,8500.0
0012abe8-d98e-4729-b6fb-c44736dc15a8,2daa6115-84ad-46eb-b202-45a22f2aef10,292843.1084100157,2764720.920062988,293393.6248654305,2765157.295014579,1900.0000000000002,1700.0000000000002,9700.000000000002
0012abe8-d98e-4729-b6fb-c44736dc15a8,7ffafacf-3637-48f9-bab2-f0f548ecd18b,292632.2219826092,2763618.2646933044,293393.6248654305,2765157.295014579,2600.0,2000.0,13500.0
0012abe8-d98e-4729-b6fb-c44736dc15a8,0d8f75bb-5ffc-42d6-abce-e763e496a8a4,292632.2219826092,2763618.2646933044,292364.0596337467,2764797.8507239907,800.0,700.0000000000001,6800.000000000001
0012abe8-d98e-4729-b6fb-c44736dc15a8,af94be8a-84f7-4223-83a0-feaeedd2afb5,293393.6248654305,2765157.295014579,300678.3197832067,2773009.7531924737,900.0,23400.000000000004,5500.0
0026546b-1c55-4d68-a38d-a1290f07141a,074c932c-5980-41d4-89a9-5e4e3a352e33,300641.7135142199,2781008.698123295,300646.30117728654,2780751.511665098,1400.0000000000002,700.0000000000001,11800.0
0026546b-1c55-4d68-a38d-a1290f07141a,d3cbe860-7ee7-43c6-813b-65603d28969a,300646.30117728654,2780751.511665098,300646.30117728654,2780751.511665098,1700.0000000000002,200.0,10300.0
0026546b-1c55-4d68-a38d-a1290f07141a,51175318-afee-4d41-b0ca-fe85e529f2b6,300646.30117728654,2780751.511665098,300646.30117728654,2780751.511665098,100.0,2000.0,22299.999999999996
0026546b-1c55-4d68-a38d-a1290f07141a,0327edae-2547-4878-ada6-cf38eefe5748,300646.30117728654,2780751.511665098,300646.30117728654,2780751.511665098,1700.0000000000002,1600.0,1700.0000000000002
0026546b-1c55-4d68-a38d-a1290f07141a,e7361769-77a4-43a5-9f90-1654a57d79a6,300646.30117728654,2780751.511665098,300646.30117728654,2780751.511665098,200.0,3000.0,12200.000000000002
0026546b-1c55-4d68-a38d-a1290f07141a,b3759d52-95e1-4aea-a167-2420957ea5c5,300646.30117728654,2780751.511665098,300646.30117728654,2780751.511665098,200.0,1800.0,3000.0
0026546b-1c55-4d68-a38d-a1290f07141a,67a3a396-1232-403b-8f29-cf45afbacd61,301850.5856147362,2777886.4909184664,300646.30117728654,2780751.511665098,4700.0,800.0,4700.0
0026546b-1c55-4d68-a38d-a1290f07141a,36700407-fc9b-4c27-8368-1613910a33da,301394.41342874785,2778742.437319285,300646.30117728654,2780751.511665098,400.0,1100.0,5700.0
0026546b-1c55-4d68-a38d-a1290f07141a,7b6130cc-4756-40fe-9319-9041911985ba,302401.3350578568,2777944.536995548,300646.30117728654,2780751.511665098,700.0000000000001,500.0,9100.0
0026546b-1c55-4d68-a38d-a1290f07141a,921b81f4-5e9c-4760-b124-cdcb563e4fcc,302716.9221749851,2777107.684369116,300646.30117728654,2780751.511665098,1200.0000000000002,400.0,7500.0
0026546b-1c55-4d68-a38d-a1290f07141a,bc16d88e-b15e-40bf-ad3d-5bbaf0e9f005,299037.58264288696,2781119.90106006,300646.30117728654,2780751.511665098,800.0,1800.0,800.0
0026546b-1c55-4d68-a38d-a1290f07141a,0592374f-438f-4c1f-8c8e-254f50dbb1db,300641.7135142199,2781008.698123295,301394.41342874785,2778742.437319285,1800.0,300.00000000000006,14800.0
0026546b-1c55-4d68-a38d-a1290f07141a,fcb90f5f-01d7-465c-99cc-1ca0b8cc3cfe,300646.30117728654,2780751.511665098,301394.41342874785,2778742.437319285,1300.0,4900.0,3700.0
0026546b-1c55-4d68-a38d-a1290f07141a,b852d546-2805-47d3-a2ba-6947f9b05daa,300646.30117728654,2780751.511665098,301394.41342874785,2778742.437319285,200.0,700.0000000000001,2300.0000000000005
0026546b-1c55-4d68-a38d-a1290f07141a,bf0cb701-7d76-4646-ad10-c9671b77ea5c,301394.41342874785,2778742.437319285,301394.41342874785,2778742.437319285,1000.0,1500.0,7400.000000000001
0026546b-1c55-4d68-a38d-a1290f07141a,da89fe36-93ee-45c4-9876-7b79cf382c36,302639.35130170814,2776874.9932850506,301394.41342874785,2778742.437319285,2700.0,1700.0000000000002,19700.000000000004
0026546b-1c55-4d68-a38d-a1290f07141a,1607b597-d482-41c8-bd0d-cb2916e70aaf,300641.7135142199,2781008.698123295,302716.9221749851,2777107.684369116,1200.0000000000002,400.0,14500.0
0026546b-1c55-4d68-a38d-a1290f07141a,b29d03a1-8a21-4526-a607-5b87563b0cb9,300646.30117728654,2780751.511665098,302716.9221749851,2777107.684369116,600.0000000000001,1900.0000000000002,2800.0000000000005
0026546b-1c55-4d68-a38d-a1290f07141a,9149eea6-010f-4066-83fe-6b255c30ff49,300641.7135142199,2781008.698123295,300641.7135142199,2781008.698123295,1400.0000000000002,3300.0000000000005,2000.0
0026546b-1c55-4d68-a38d-a1290f07141a,70d32cc9-8840-4ea1-b05d-39b11733a776,300646.30117728654,2780751.511665098,300641.7135142199,2781008.698123295,600.0000000000001,600.0000000000001,2700.0
0026546b-1c55-4d68-a38d-a1290f07141a,5a356069-42bf-4230-b76d-16c0a60cc01f,301850.5856147362,2777886.4909184664,300641.7135142199,2781008.698123295,3100.0,700.0000000000001,7200.000000000001
0026546b-1c55-4d68-a38d-a1290f07141a,3bf8e8cb-7897-4f3b-914a-7f8c8564a382,301394.41342874785,2778742.437319285,300641.7135142199,2781008.698123295,800.0,500.0,11200.0
0026546b-1c55-4d68-a38d-a1290f07141a,aea33f9a-f32b-4364-ad9a-f2c81863cab1,303609.626583888,2776446.1170227067,300641.7135142199,2781008.698123295,1200.0000000000002,900.0,12500.0
0026546b-1c55-4d68-a38d-a1290f07141a,41f86490-e10c-4273-93e1-3c78d20b6d73,300641.7135142199,2781008.698123295,300662.7805191811,2779114.9761279747,700.0000000000001,2000.0,9000.0
7365b3b9-f9ac-4742-830e-215541cfa8f3,ea0defb3-1e26-43a1-8d28-ad1a3b972d39,300662.7805191811,2779114.9761279747,300662.7805191811,2779114.9761279747,2000.0,11600.000000000002,2000.0
7365b3b9-f9ac-4742-830e-215541cfa8f3,6e6b4f89-1a9e-425e-a4cb-74a23650d335,305094.8132848267,2771318.833675201,300662.7805191811,2779114.9761279747,2500.0,11700.000000000002,19900.0
7365b3b9-f9ac-4742-830e-215541cfa8f3,3bfb9b0d-109a-4bbb-81b3-ac897bfd7094,305094.8132848267,2771318.833675201,300662.7805191811,2779114.9761279747,16200.0,11600.000000000002,21600.0
0026546b-1c55-4d68-a38d-a1290f07141a,cafdae0b-54ad-4d20-b25a-44daee63e6db,300646.30117728654,2780751.511665098,301850.5856147362,2777886.4909184664,1700.0000000000002,200.0,11100.000000000002
0026546b-1c55-4d68-a38d-a1290f07141a,ceb5cbf1-dac8-459d-9cc1-2d362a00c976,301394.41342874785,2778742.437319285,301850.5856147362,2777886.4909184664,300.00000000000006,1100.0,6800.000000000001
0026546b-1c55-4d68-a38d-a1290f07141a,05bb6393-d0e4-4c62-856f-e23fcfaf5ca5,301850.5856147362,2777886.4909184664,302639.35130170814,2776874.9932850506,2600.0,100.0,11000.0
0026546b-1c55-4d68-a38d-a1290f07141a,eceb093b-4257-4932-b91a-06cb64cb9314,301394.41342874785,2778742.437319285,303609.626583888,2776446.1170227067,4800.000000000001,1100.0,18700.000000000004
0026546b-1c55-4d68-a38d-a1290f07141a,e7e4150c-b84f-4ec7-90ff-8b4be51c5704,302716.9221749851,2777107.684369116,302401.3350578568,2777944.536995548,200.0,1800.0,20700.0
0026546b-1c55-4d68-a38d-a1290f07141a,4172a3b4-8acc-49de-8c4e-154529173caa,300662.7805191811,2779114.9761279747,299037.58264288696,2781119.90106006,1400.0000000000002,700.0000000000001,3500.0
7365b3b9-f9ac-4742-830e-215541cfa8f3,ac845777-be01-4de3-9537-027a808a1d89,300662.7805191811,2779114.9761279747,305094.8132848267,2771318.833675201,2000.0,300.00000000000006,13100.0
7365b3b9-f9ac-4742-830e-215541cfa8f3,5ab9565b-fe54-4f75-96e6-561e41b9ed4b,300662.7805191811,2779114.9761279747,305094.8132848267,2771318.833675201,2000.0,300.00000000000006,2000.0
7365b3b9-f9ac-4742-830e-215541cfa8f3,3dab755f-7a2f-412f-a695-9f5d5213baed,303781.0246875261,2773293.8968094224,305094.8132848267,2771318.833675201,3300.0000000000005,200.0,3600.0000000000005
7365b3b9-f9ac-4742-830e-215541cfa8f3,7b19ca61-332d-44d8-8487-8c7bd3341214,300662.7805191811,2779114.9761279747,303781.0246875261,2773293.8968094224,2000.0,10700.000000000002,2000.0
003b192f-bcc9-49e2-ab2a-5ade0ec146e6,3b31a0bb-31d3-4088-9b39-e00a3fc0372b,174105.61925791873,2528842.152344486,173016.7425303908,2531241.5324345715,1000.0,500.0,18300.0
003b192f-bcc9-49e2-ab2a-5ade0ec146e6,adf987a1-8afe-44e8-ab50-3c7a64fb015e,174105.61925791873,2528842.152344486,173016.7425303908,2531241.5324345715,100.0,1900.0000000000002,27500.0
003b192f-bcc9-49e2-ab2a-5ade0ec146e6,3a5fc2fd-876d-45a2-9fb6-cc34214801e4,172840.9436927379,2531598.349757311,173016.7425303908,2531241.5324345715,6800.000000000001,7300.000000000001,6800.000000000001
003b192f-bcc9-49e2-ab2a-5ade0ec146e6,7ae0c6c5-8d8d-4126-9ee3-91c5f439f3bf,173777.90844904486,2529510.123932054,173016.7425303908,2531241.5324345715,4000.0,7300.000000000001,10600.000000000002
003b192f-bcc9-49e2-ab2a-5ade0ec146e6,44bc4b9e-af41-4f5e-a7a2-c6ee4e7ac437,170571.68161784054,2535507.989842304,173016.7425303908,2531241.5324345715,6500.0,100.0,25199.999999999996
003b192f-bcc9-49e2-ab2a-5ade0ec146e6,19acdb1c-1800-4e06-9a1f-12c54c746d2e,174105.61925791873,2528842.152344486,172840.9436927379,2531598.349757311,5200.0,400.0,20100.0
003b192f-bcc9-49e2-ab2a-5ade0ec146e6,3ea331f3-ef3e-4608-ace4-7c7fb98cfdf7,173016.7425303908,2531241.5324345715,172840.9436927379,2531598.349757311,100.0,400.0,12700.0
003b192f-bcc9-49e2-ab2a-5ade0ec146e6,eff0f59d-8b81-4bf5-9e15-6e3b2dcb9b75,173016.7425303908,2531241.5324345715,172840.9436927379,2531598.349757311,9500.0,3900.0000000000005,15500.0
003b192f-bcc9-49e2-ab2a-5ade0ec146e6,bf53a729-58ac-4ae8-8953-1476c7990d6a,173777.90844904486,2529510.123932054,172840.9436927379,2531598.349757311,4900.0,4000.0,4900.0
003b192f-bcc9-49e2-ab2a-5ade0ec146e6,79941b9a-1f5a-4c1a-8868-3cf6b253ecb1,173980.70825520996,2528389.8516476783,172840.9436927379,2531598.349757311,3500.0,400.0,9000.0
003b192f-bcc9-49e2-ab2a-5ade0ec146e6,3a5cae12-4c40-4e13-ab32-4b98cb3b3fa8,172364.23029097388,2536448.824199784,172840.9436927379,2531598.349757311,800.0,700.0000000000001,800.0
003b192f-bcc9-49e2-ab2a-5ade0ec146e6,19c648cb-5ea5-4465-b3c8-39265c06b2e5,174105.61925791873,2528842.152344486,173980.70825520996,2528389.8516476783,1200.0000000000002,12800.0,1200.0000000000002
003b192f-bcc9-49e2-ab2a-5ade0ec146e6,13e328c5-dd03-45bc-9df7-256922591cef,172840.9436927379,2531598.349757311,173980.70825520996,2528389.8516476783,1500.0,1000.0,6800.000000000001
003b192f-bcc9-49e2-ab2a-5ade0ec146e6,0f075d93-6545-417c-849c-249e0c061b09,172840.9436927379,2531598.349757311,173980.70825520996,2528389.8516476783,14900.0,14900.0,0.0
003b192f-bcc9-49e2-ab2a-5ade0ec146e6,6498c1d5-100c-498c-9957-99c7365da7ae,173980.70825520996,2528389.8516476783,173980.70825520996,2528389.8516476783,600.0000000000001,9600.000000000002,9800.0
003b192f-bcc9-49e2-ab2a-5ade0ec146e6,31c3d1b4-fceb-4233-8be0-cf9b13d5c2bf,173980.70825520996,2528389.8516476783,173980.70825520996,2528389.8516476783,600.0000000000001,500.0,11700.000000000002
003b192f-bcc9-49e2-ab2a-5ade0ec146e6,e7325165-67aa-42f0-883a-7496765f9e45,174105.61925791873,2528842.152344486,170571.68161784054,2535507.989842304,4000.0,900.0,21100.0
003b192f-bcc9-49e2-ab2a-5ade0ec146e6,b52297e2-cb60-438a-87b9-c7e893253c57,172840.9436927379,2531598.349757311,170571.68161784054,2535507.989842304,1200.0000000000002,2300.0000000000005,23500.0
003b192f-bcc9-49e2-ab2a-5ade0ec146e6,3e9b3b0d-0f54-4342-b0ad-73fd02ee623f,174105.61925791873,2528842.152344486,173278.7066923768,2530998.453829722,11400.0,4000.0,19300.0
003b192f-bcc9-49e2-ab2a-5ade0ec146e6,4f4bb0a7-f69b-453b-99cd-a8e7fc81f322,174105.61925791873,2528842.152344486,173278.7066923768,2530998.453829722,4500.0,3600.0,7600.0
003b192f-bcc9-49e2-ab2a-5ade0ec146e6,fdf5a17f-3e2c-4014-8f32-1fd9ae37a70d,172840.9436927379,2531598.349757311,174105.61925791873,2528842.152344486,3400.0000000000005,500.0,15300.0
003b192f-bcc9-49e2-ab2a-5ade0ec146e6,37bb3d10-5bb4-44bf-b15d-84969330e0ba,172840.9436927379,2531598.349757311,174105.61925791873,2528842.152344486,2300.0000000000005,3400.0000000000005,7600.000000000002
003b192f-bcc9-49e2-ab2a-5ade0ec146e6,abf9d4cf-5f3d-4f49-8621-ad736c91270d,173016.7425303908,2531241.5324345715,174105.61925791873,2528842.152344486,2200.0,600.0000000000001,24000.000000000004
003b192f-bcc9-49e2-ab2a-5ade0ec146e6,aea78e85-fe56-4576-bffe-c2894341443d,173016.7425303908,2531241.5324345715,174105.61925791873,2528842.152344486,100.0,1700.0000000000002,10700.000000000002
003b192f-bcc9-49e2-ab2a-5ade0ec146e6,6c0daff1-ada7-4b43-b363-6113c136a732,173980.70825520996,2528389.8516476783,174105.61925791873,2528842.152344486,4300.0,3300.0000000000005,21000.0
003b192f-bcc9-49e2-ab2a-5ade0ec146e6,2f410bf8-28a4-4750-9269-d5c8e43bd047,170571.68161784054,2535507.989842304,174105.61925791873,2528842.152344486,5300.000000000001,12100.000000000002,5300.000000000001
003b192f-bcc9-49e2-ab2a-5ade0ec146e6,bd8d336d-6bb7-45d9-9408-2623c7966f17,173278.7066923768,2530998.453829722,174105.61925791873,2528842.152344486,3300.0000000000005,9000.0,15500.0
003b192f-bcc9-49e2-ab2a-5ade0ec146e6,98a35311-f177-4b2f-812a-7107e98d694e,173980.70825520996,2528389.8516476783,173777.90844904486,2529510.123932054,700.0000000000001,1300.0,18400.0
003b192f-bcc9-49e2-ab2a-5ade0ec146e6,e04a1b99-1a32-48a3-81b6-c3c87f4c5f61,173980.70825520996,2528389.8516476783,173777.90844904486,2529510.123932054,4600.000000000001,1400.0000000000002,13600.000000000002
003b192f-bcc9-49e2-ab2a-5ade0ec146e6,a6e07ff5-5c9b-41ae-a800-08090994ed08,173278.7066923768,2530998.453829722,172364.23029097388,2536448.824199784,700.0000000000001,2700.0,14500.000000000002
00432522-6a89-4289-b6df-b639d50fbe00,2bc61fa1-3a9b-4514-b74d-762a5b59d212,280796.4273969186,2767406.213572652,281189.6307956932,2766263.470878548,600.0000000000001,1100.0,9100.000000000002
00432522-6a89-4289-b6df-b639d50fbe00,0b0a2062-527c-416a-bf78-e3da1a23119f,278753.4382569839,2764511.067460052,280796.4273969186,2767406.213572652,800.0,1200.0000000000002,4600.0
00432522-6a89-4289-b6df-b639d50fbe00,c6217ce6-336e-4407-b521-f5b12b624da7,278753.4382569839,2764511.067460052,281794.48599830526,2764815.0802280502,500.0,4800.000000000001,9400.0
00432522-6a89-4289-b6df-b639d50fbe00,fe8f840c-b3c6-4ebd-9d25-776f4802a258,281153.58378246584,2763873.559299784,281794.48599830526,2764815.0802280502,2100.0,700.0000000000001,12900.000000000002
00432522-6a89-4289-b6df-b639d50fbe00,b645a33d-601e-4765-8d37-7933bee8a1fa,278753.4382569839,2764511.067460052,278753.4382569839,2764511.067460052,1500.0,4400.0,10300.0
00432522-6a89-4289-b6df-b639d50fbe00,48913727-4b73-49ee-bbba-214ab1a467c7,279764.5540860008,2761494.0529002137,278753.4382569839,2764511.067460052,200.0,1600.0,12600.000000000002
00432522-6a89-4289-b6df-b639d50fbe00,93209e7d-7cea-4a1f-a74d-b1f51fd097ac,281906.56556734315,2766622.225780023,278753.4382569839,2764511.067460052,100.0,2000.0,7600.000000000001
00432522-6a89-4289-b6df-b639d50fbe00,dc08dab1-c260-4297-9842-f0cecb3ead0f,279764.5540860008,2761494.0529002137,281153.58378246584,2763873.559299784,900.0,1100.0,10900.0
00432522-6a89-4289-b6df-b639d50fbe00,241dd510-ae78-4857-8ac5-90fc27a9f529,280852.1239208583,2761993.117933544,281153.58378246584,2763873.559299784,600.0000000000001,900.0,8100.000000000002
00432522-6a89-4289-b6df-b639d50fbe00,1346113f-d1fd-4682-878e-d547df4e5550,281794.48599830526,2764815.0802280502,281153.58378246584,2763873.559299784,2000.0,500.0,15100.000000000002
00432522-6a89-4289-b6df-b639d50fbe00,e933eaf6-9b96-4bbe-b8f5-ebcf28971702,279764.5540860008,2761494.0529002137,280852.1239208583,2761993.117933544,100.0,1400.0000000000002,12800.0
00432522-6a89-4289-b6df-b639d50fbe00,11eb08a3-eace-4145-9a33-ede3b94f38e3,280077.9939007258,2762221.56238768,280852.1239208583,2761993.117933544,400.0,900.0,8900.0
00432522-6a89-4289-b6df-b639d50fbe00,3842a15c-25cd-4183-a465-a798f1099dc9,280077.9939007258,2762221.56238768,280852.1239208583,2761993.117933544,1000.0,1300.0,2400.0
00432522-6a89-4289-b6df-b639d50fbe00,707ab5b5-ce73-4423-8e33-e82146933d17,278158.30046523164,2761432.287694013,280852.1239208583,2761993.117933544,3200.0,1700.0000000000002,15299.999999999998
00432522-6a89-4289-b6df-b639d50fbe00,e3cb8544-ff94-430b-af6c-535c6028f996,279742.7666844619,2761995.428506601,280852.1239208583,2761993.117933544,600.0000000000001,1900.0000000000002,9800.0
00432522-6a89-4289-b6df-b639d50fbe00,8ad2fc6b-662f-4063-8ea3-24ef1b5d3f8e,280852.1239208583,2761993.117933544,279764.5540860008,2761494.0529002137,1600.0,600.0000000000001,20099.999999999996
00432522-6a89-4289-b6df-b639d50fbe00,2605e140-14be-4438-86e3-56d236d0ce7e,281153.58378246584,2763873.559299784,279764.5540860008,2761494.0529002137,1600.0,300.00000000000006,14300.0
00432522-6a89-4289-b6df-b639d50fbe00,95319aaa-801c-494d-88de-29305f5c876d,278828.97772664827,2764209.950952568,279764.5540860008,2761494.0529002137,2800.0000000000005,700.0000000000001,2800.0000000000005
00432522-6a89-4289-b6df-b639d50fbe00,5a541647-1581-4258-ba0d-79320ab94038,280852.1239208583,2761993.117933544,280077.9939007258,2762221.56238768,700.0000000000001,1800.0,6400.0
00432522-6a89-4289-b6df-b639d50fbe00,86338cb9-310b-4d37-a0fd-9a56cd9eaef8,279767.3668669344,2764474.688710626,280077.9939007258,2762221.56238768,300.00000000000006,700.0000000000001,11600.0
00432522-6a89-4289-b6df-b639d50fbe00,677319a9-1f44-4444-ba43-e84492bbb28a,281153.58378246584,2763873.559299784,280077.9939007258,2762221.56238768,1300.0,2100.0,11700.000000000002
00432522-6a89-4289-b6df-b639d50fbe00,418f378b-0958-4cf2-b96c-adeb8ee2639a,280852.1239208583,2761993.117933544,281906.56556734315,2766622.225780023,5000.0,1700.0000000000002,10000.0
00432522-6a89-4289-b6df-b639d50fbe00,06afb094-9978-46e6-b971-d5d63725418f,280852.1239208583,2761993.117933544,281049.0592128025,2763978.2146459194,100.0,700.0000000000001,8900.0
00432522-6a89-4289-b6df-b639d50fbe00,6032ee9f-fb3b-4b83-8f78-d77b0faee0b2,280077.9939007258,2762221.56238768,278158.30046523164,2761432.287694013,1100.0,3800.0000000000005,2600.0
00432522-6a89-4289-b6df-b639d50fbe00,af2cc0b8-c92c-43ab-b6e6-ca8ff8727930,281605.2104037235,2764813.5343277254,279767.3668669344,2764474.688710626,500.0,700.0000000000001,10100.000000000002
00432522-6a89-4289-b6df-b639d50fbe00,b6e23ed4-327f-4bb4-9f40-858742e9648c,281794.48599830526,2764815.0802280502,281605.2104037235,2764813.5343277254,100.0,4100.000000000001,6600.0
00432522-6a89-4289-b6df-b639d50fbe00,b81b8e6d-c38d-4219-9139-aec3ca1216b8,281935.84965901123,2767610.970723758,278828.97772664827,2764209.950952568,500.0,1300.0,8200.0
00432522-6a89-4289-b6df-b639d50fbe00,e8996d20-9fbd-456b-acbc-fab9b4f58df9,279742.7666844619,2761995.428506601,281935.84965901123,2767610.970723758,1300.0,4100.000000000001,11700.0
00432522-6a89-4289-b6df-b639d50fbe00,c248a14c-7109-4593-80d7-823f597ec720,281049.0592128025,2763978.2146459194,279742.7666844619,2761995.428506601,1500.0,1000.0,1500.0
00432522-6a89-4289-b6df-b639d50fbe00,b16c7a92-2141-4436-834f-3b85906d3c14,282152.1502160146,2764814.143328581,279742.7666844619,2761995.428506601,2400.0000000000005,700.0000000000001,3300.000000000001
00466a58-c917-4874-9eac-025398402c23,44705b0d-a3ec-4f70-95e5-1c863e431f06,179287.2629413511,2503581.326951804,178757.26463105954,2501707.587660399,2300.0000000000005,3000.0,7900.0
00466a58-c917-4874-9eac-025398402c23,179ff305-8aef-489c-93f3-20076ea19af7,179313.0374098487,2499297.4029155653,178757.26463105954,2501707.587660399,4200.0,3300.0000000000005,18600.000000000004
00466a58-c917-4874-9eac-025398402c23,060b67e0-7c82-4a66-8e12-c2f747c92560,178247.32011541288,2501573.430665602,178757.26463105954,2501707.587660399,1000.0,600.0000000000001,12700.0
00466a58-c917-4874-9eac-025398402c23,035ee941-1f36-49a9-b694-c67d5f77ec5f,178247.32011541288,2501573.430665602,178757.26463105954,2501707.587660399,100.0,200.0,13200.0
00466a58-c917-4874-9eac-025398402c23,b859ee42-4505-4e88-95a0-94a1d5864d69,179100.15023627057,2502111.178504078,179287.2629413511,2503581.326951804,1700.0000000000002,500.0,4700.000000000001
00466a58-c917-4874-9eac-025398402c23,b47a25ed-9996-4474-9586-7818d0f7aa21,182015.3633051785,2499782.0503956624,179313.0374098487,2499297.4029155653,600.0000000000001,400.0,8800.0
00466a58-c917-4874-9eac-025398402c23,6f76a658-85e2-4a5f-bcdc-a78f82199a22,178247.32011541288,2501573.430665602,182015.3633051785,2499782.0503956624,500.0,1000.0,9000.0
00466a58-c917-4874-9eac-025398402c23,b9a7a3b7-a017-4a71-9e97-f4d7ab8244b1,178247.32011541288,2501573.430665602,180800.6329086618,2499303.684204426,1100.0,1500.0,10200.000000000002
00466a58-c917-4874-9eac-025398402c23,6abd33c7-fde4-40a6-a33e-fcc7cbc82b75,178247.32011541288,2501573.430665602,181784.35980992933,2500667.9587624557,400.0,16700.0,33500.0
00466a58-c917-4874-9eac-025398402c23,dfe76bf7-c348-4649-869b-ade28b36cd75,178247.32011541288,2501573.430665602,179250.2625419462,2504872.014361937,500.0,400.0,500.0
00466a58-c917-4874-9eac-025398402c23,1c055440-f6f6-4f68-8823-8920b5600a09,178140.07618652063,2503585.895153676,178513.00053978065,2499814.370889985,600.0000000000001,1000.0,12500.0
00466a58-c917-4874-9eac-025398402c23,ad7246c0-98c4-4d98-a48c-63715d6ea410,181784.35980992933,2500667.9587624557,178513.00053978065,2499814.370889985,400.0,100.0,5900.0
00466a58-c917-4874-9eac-025398402c23,989f08d1-6ef8-4d34-aa9d-9b774b535452,184574.5985819404,2496604.91899788,176588.63177463273,2502463.6363956146,900.0,4000.0,15600.000000000002
00466a58-c917-4874-9eac-025398402c23,f65b4bf1-7099-4385-943b-637985f6f08e,179797.98551478382,2501323.292146657,184574.5985819404,2496604.91899788,400.0,400.0,8000.0
00466a58-c917-4874-9eac-025398402c23,3891fca0-18fb-41ab-9fe9-f5e2ab355000,179250.2625419462,2504872.014361937,179797.98551478382,2501323.292146657,300.00000000000006,900.0,8400.0
004b5ea1-3670-463b-bd24-943e0b80a2af,bef91395-a5f0-4234-80cc-d936393ef4ab,286649.9566958003,2773125.802345498,287874.4567110025,2774898.732984104,1600.0,2900.0000000000005,23900.000000000004
004b5ea1-3670-463b-bd24-943e0b80a2af,5462bec3-ef26-46c3-8132-c58291a20e75,287480.7697905266,2773530.136907582,287874.4567110025,2774898.732984104,17800.0,8100.0,29600.0
004b5ea1-3670-463b-bd24-943e0b80a2af,5da24326-1154-4ad0-b44d-7c4d88509e03,286454.4456619336,2771686.6639552144,286649.9566958003,2773125.802345498,11300.0,3600.0,13400.0
004b5ea1-3670-463b-bd24-943e0b80a2af,353132d8-d4b0-423a-abf2-0801a44821eb,286454.4456619336,2771686.6639552144,286454.4456619336,2771686.6639552144,5600.000000000001,13600.000000000002,5600.000000000001
004b5ea1-3670-463b-bd24-943e0b80a2af,cd57900b-963e-40fe-bca3-a7b8181ff0f4,286454.4456619336,2771686.6639552144,286454.4456619336,2771686.6639552144,13300.0,800.0,31500.0
004b5ea1-3670-463b-bd24-943e0b80a2af,e93cd432-59d1-42d0-90aa-7fcb4699afa7,286454.4456619336,2771686.6639552144,286454.4456619336,2771686.6639552144,1300.0,11600.000000000002,24000.0
004b5ea1-3670-463b-bd24-943e0b80a2af,5199c237-011d-4aa9-be30-13dd34ccc45f,286454.4456619336,2771686.6639552144,286454.4456619336,2771686.6639552144,7700.0,1400.0000000000002,11600.0
004b5ea1-3670-463b-bd24-943e0b80a2af,73e288db-3b40-4105-b800-408cc1f07b84,287551.2855295892,2774190.8239485947,286454.4456619336,2771686.6639552144,3600.0,13100.000000000002,20300.0
004b5ea1-3670-463b-bd24-943e0b80a2af,6f8a38ea-1933-43d5-80cd-0aab77a1ca31,287551.2855295892,2774190.8239485947,286454.4456619336,2771686.6639552144,7600.000000000001,500.0,28700.000000000004
004b5ea1-3670-463b-bd24-943e0b80a2af,b84132cb-d753-46f5-84f0-5a4447f1a195,298033.10716895084,2766250.427603659,286454.4456619336,2771686.6639552144,18400.000000000004,700.0000000000001,26600.0
004b5ea1-3670-463b-bd24-943e0b80a2af,1a579214-792a-4d1a-8177-8f72a9ed4dd7,286614.0637200173,2772553.161772097,286454.4456619336,2771686.6639552144,12900.0,9300.0,16400.0
004b5ea1-3670-463b-bd24-943e0b80a2af,1af7041e-6145-4260-b1a4-ba0c3e6927aa,286614.0637200173,2772553.161772097,286454.4456619336,2771686.6639552144,17800.0,1300.0,21800.0
004b5ea1-3670-463b-bd24-943e0b80a2af,4dfdd988-1587-499e-b598-5d471efcf905,286105.7519811061,2772025.342134272,286454.4456619336,2771686.6639552144,100.0,3700.0,2100.0
004b5ea1-3670-463b-bd24-943e0b80a2af,fbdb4d4e-759c-4591-a47a-01184a40c496,287379.70226658497,2772491.879825464,286454.4456619336,2771686.6639552144,300.00000000000006,19700.000000000004,2200.0
004b5ea1-3670-463b-bd24-943e0b80a2af,8747a166-1e61-4e01-bcc0-c570101cecda,286454.4456619336,2771686.6639552144,287551.2855295892,2774190.8239485947,9400.0,3100.0,25200.000000000004
004b5ea1-3670-463b-bd24-943e0b80a2af,339b2c21-6a0b-4674-803c-976da330503e,287379.70226658497,2772491.879825464,287551.2855295892,2774190.8239485947,4600.000000000001,15500.0,25400.000000000004
004b5ea1-3670-463b-bd24-943e0b80a2af,eb456dfd-f714-4fb5-9fba-f58c0d08d176,287874.4567110025,2774898.732984104,287551.2855295892,2774190.8239485947,6500.0,7000.0,39500.0
004b5ea1-3670-463b-bd24-943e0b80a2af,c39a5fec-3dbc-408e-bd6c-7cda53e9ab2f,286454.4456619336,2771686.6639552144,286614.0637200173,2772553.161772097,5700.0,400.0,27500.0
004b5ea1-3670-463b-bd24-943e0b80a2af,d7da001d-a9b2-49c8-8a79-7bb2123c0a19,286614.0637200173,2772553.161772097,286614.0637200173,2772553.161772097,4800.000000000001,13800.0,8600.000000000002
004b5ea1-3670-463b-bd24-943e0b80a2af,81004708-8456-4cbb-a502-e815eb836c5e,286105.7519811061,2772025.342134272,286614.0637200173,2772553.161772097,100.0,100.0,100.0
004b5ea1-3670-463b-bd24-943e0b80a2af,bb71735f-07f3-4135-816b-f4076e616adc,286105.7519811061,2772025.342134272,286614.0637200173,2772553.161772097,22800.0,22800.0,0.0
004b5ea1-3670-463b-bd24-943e0b80a2af,9f37ab4a-1bcb-44ba-af6d-f51704ca7803,286454.4456619336,2771686.6639552144,286105.7519811061,2772025.342134272,6200.0,2100.0,23700.0
004b5ea1-3670-463b-bd24-943e0b80a2af,ddc521ae-9b9c-4376-99c7-9fdc609bc16c,286454.4456619336,2771686.6639552144,286105.7519811061,2772025.342134272,22200.000000000004,1300.0,26000.000000000004
004b5ea1-3670-463b-bd24-943e0b80a2af,33880f01-f169-4220-8290-71b9c828d190,286454.4456619336,2771686.6639552144,286105.7519811061,2772025.342134272,22200.000000000004,200.0,25900.000000000004
004b5ea1-3670-463b-bd24-943e0b80a2af,af2e392c-ccc3-49b6-a5fc-a1972f8295cc,286454.4456619336,2771686.6639552144,287480.7697905266,2773530.136907582,4700.0,14500.0,12200.0
004b5ea1-3670-463b-bd24-943e0b80a2af,3d6e1363-ef89-43f7-b834-f9190b0bf657,287551.2855295892,2774190.8239485947,287379.70226658497,2772491.879825464,100.0,11500.0,30400.000000000004
004b5ea1-3670-463b-bd24-943e0b80a2af,a7cb7267-fdfe-4445-892a-a9e40a5ea4ad,286614.0637200173,2772553.161772097,287379.70226658497,2772491.879825464,700.0000000000001,2000.0,4400.0
004b5ea1-3670-463b-bd24-943e0b80a2af,f839479e-4668-4a9e-bcd7-e79375b9157a,288445.52730522375,2774177.47609438,298033.10716895084,2766250.427603659,5200.0,1100.0,29800.0
004b5ea1-3670-463b-bd24-943e0b80a2af,671ce5c8-2781-4a8e-b88a-28fab9b44c56,288445.52730522375,2774177.47609438,288445.52730522375,2774177.47609438,3700.0,900.0,25500.0
004b5ea1-3670-463b-bd24-943e0b80a2af,7f2df66a-d48c-4e48-9a8b-b90170cec095,286614.0637200173,2772553.161772097,288445.52730522375,2774177.47609438,4800.000000000001,7000.0,19200.000000000004
006a8dd0-f65a-45f6-a183-5d5ea15bbce1,8190df86-c708-4e11-8bea-49af80e71c7e,215359.2075441804,2667369.304130134,218935.24728803788,2663865.680045696,800.0,6400.0,5399.999999999999
006a8dd0-f65a-45f6-a183-5d5ea15bbce1,eb2cf7c5-7563-45e9-bbfc-ad3458066524,218935.24728803788,2663865.680045696,218935.24728803788,2663865.680045696,500.0,6000.0,500.0
006a8dd0-f65a-45f6-a183-5d5ea15bbce1,6a5c93b9-b2fc-42eb-8811-17b7d9b93153,218935.24728803788,2663865.680045696,218935.24728803788,2663865.680045696,500.0,6000.0,500.0
006a8dd0-f65a-45f6-a183-5d5ea15bbce1,3ae34fae-6f72-46d9-88de-a03e39d77b4f,218935.24728803788,2663865.680045696,218935.24728803788,2663865.680045696,700.0000000000001,2000.0,13200.0
006a8dd0-f65a-45f6-a183-5d5ea15bbce1,9078a22e-e400-47d2-a678-95cd3fd1d08c,218935.24728803788,2663865.680045696,218935.24728803788,2663865.680045696,500.0,6100.000000000001,500.0
006a8dd0-f65a-45f6-a183-5d5ea15bbce1,45fdad5f-8a12-470b-ac1c-c7865aa6a614,218935.24728803788,2663865.680045696,218935.24728803788,2663865.680045696,500.0,11700.000000000002,500.0
006a8dd0-f65a-45f6-a183-5d5ea15bbce1,5e73e79d-10b9-4c86-a306-05be65217adf,218935.24728803788,2663865.680045696,218935.24728803788,2663865.680045696,700.0000000000001,5800.000000000001,1300.0000000000002
006a8dd0-f65a-45f6-a183-5d5ea15bbce1,537800ba-80f3-4adb-ab7e-1dc65233ea55,218935.24728803788,2663865.680045696,218935.24728803788,2663865.680045696,300.00000000000006,500.0,17000.0
006a8dd0-f65a-45f6-a183-5d5ea15bbce1,fbbaffd5-42b0-408d-9e4f-cd9b4cbed8f3,218935.24728803788,2663865.680045696,218935.24728803788,2663865.680045696,500.0,500.0,500.0
006a8dd0-f65a-45f6-a183-5d5ea15bbce1,76f728d3-cff8-4529-a37c-c55f8f8bcbe8,218935.24728803788,2663865.680045696,218935.24728803788,2663865.680045696,500.0,11600.000000000002,15900.000000000002
006a8dd0-f65a-45f6-a183-5d5ea15bbce1,1624ce1e-364c-4131-b921-ad50f1af9a32,218935.24728803788,2663865.680045696,218935.24728803788,2663865.680045696,500.0,13800.0,500.0
006a8dd0-f65a-45f6-a183-5d5ea15bbce1,2cedf498-ba1b-4070-b7ca-aaa4f1e560b6,218935.24728803788,2663865.680045696,218935.24728803788,2663865.680045696,500.0,6100.000000000001,500.0
006a8dd0-f65a-45f6-a183-5d5ea15bbce1,1a60082d-a91c-4e00-93ac-3e0576ff7eb1,214452.69327132983,2667879.881890976,218935.24728803788,2663865.680045696,1800.0,500.0,9800.0
006a8dd0-f65a-45f6-a183-5d5ea15bbce1,6735ebc1-3880-465e-a4b6-3161abeb837d,214452.69327132983,2667879.881890976,218935.24728803788,2663865.680045696,1800.0,500.0,10000.0
006a8dd0-f65a-45f6-a183-5d5ea15bbce1,5803999e-69e3-4f51-b26d-59a70bd16cfc,214452.69327132983,2667879.881890976,218935.24728803788,2663865.680045696,1800.0,10200.000000000002,9700.000000000002
006a8dd0-f65a-45f6-a183-5d5ea15bbce1,cfa94efc-09fe-4c1f-b6ef-2e5edcc501f4,221243.2169506491,2665596.515601525,218935.24728803788,2663865.680045696,1100.0,5000.0,24500.0
006a8dd0-f65a-45f6-a183-5d5ea15bbce1,b1722d7b-4a8d-4c3e-9b1b-97bdd7ca92a3,215587.61004810396,2672661.653956281,218935.24728803788,2663865.680045696,1400.0000000000002,11100.000000000002,1400.0000000000002
006a8dd0-f65a-45f6-a183-5d5ea15bbce1,4b128a83-3ff1-4342-9750-dd221deef635,213636.3131778918,2673208.637346695,218935.24728803788,2663865.680045696,14400.0,9000.0,21700.000000000004
006a8dd0-f65a-45f6-a183-5d5ea15bbce1,84b5ed59-2dcc-4834-9e2a-e72d8ec6ca58,204136.0488413316,2677625.80577544,218935.24728803788,2663865.680045696,3300.0000000000005,100.0,32200.000000000004
006a8dd0-f65a-45f6-a183-5d5ea15bbce1,7e775135-02f4-4b00-ac85-8da00b6ce6b7,218546.16582463987,2665041.8107522693,218935.24728803788,2663865.680045696,500.0,5100.000000000001,1600.0
006a8dd0-f65a-45f6-a183-5d5ea15bbce1,4abeef13-2d6a-46cd-bcc0-1c712d7aba34,214870.3759579768,2667794.6757719675,218935.24728803788,2663865.680045696,7800.000000000001,13300.0,8000.0
006a8dd0-f65a-45f6-a183-5d5ea15bbce1,af1e6734-2f74-4b02-8edf-a410d98a4a1a,218935.24728803788,2663865.680045696,215359.2075441804,2667369.304130134,500.0,5700.0,700.0
006a8dd0-f65a-45f6-a183-5d5ea15bbce1,abd00ed2-6613-4803-9416-6e96e4f30831,218935.24728803788,2663865.680045696,214452.69327132983,2667879.881890976,500.0,300.00000000000006,15800.0
006a8dd0-f65a-45f6-a183-5d5ea15bbce1,fde9e9d4-748b-4417-a6b9-de2f5df8eac4,218935.24728803788,2663865.680045696,214452.69327132983,2667879.881890976,500.0,300.00000000000006,500.0
006a8dd0-f65a-45f6-a183-5d5ea15bbce1,cc25c80e-41a9-45a5-97b5-7fcd0f4c10f3,218935.24728803788,2663865.680045696,214452.69327132983,2667879.881890976,500.0,300.00000000000006,500.0
006a8dd0-f65a-45f6-a183-5d5ea15bbce1,16dc1dde-a436-44bc-9461-2c1a8537d810,218935.24728803788,2663865.680045696,221243.2169506491,2665596.515601525,500.0,3700.0,500.0
006a8dd0-f65a-45f6-a183-5d5ea15bbce1,d000f97a-c52b-462b-97dc-fbdbb6bf0830,218935.24728803788,2663865.680045696,215587.61004810396,2672661.653956281,500.0,100.0,500.0
006a8dd0-f65a-45f6-a183-5d5ea15bbce1,dbaf1a8e-88c4-4588-9440-761fd403faf6,218935.24728803788,2663865.680045696,215587.61004810396,2672661.653956281,500.0,800.0,500.0
006a8dd0-f65a-45f6-a183-5d5ea15bbce1,c529374b-718d-4493-85d9-b543783e1589,218935.24728803788,2663865.680045696,213636.3131778918,2673208.637346695,500.0,400.0,500.0
006a8dd0-f65a-45f6-a183-5d5ea15bbce1,d437cf21-efc2-40b0-bb28-d9fc444193a1,218935.24728803788,2663865.680045696,204136.0488413316,2677625.80577544,500.0,4700.0,500.0
007949f5-af44-4b81-b323-da963d9e483e,c4c9f312-c1b8-40b9-9246-592d3c5815cf,305098.31314979604,2763108.6842112374,302230.92501094745,2763846.784552953,1700.0000000000002,3700.0,28500.000000000007
007949f5-af44-4b81-b323-da963d9e483e,81a5bfa0-8306-4e64-ab9b-b14229ad56cf,301073.26113337174,2766976.10191523,302230.92501094745,2763846.784552953,2700.0,1000.0,14500.000000000002
007949f5-af44-4b81-b323-da963d9e483e,6dc9bc34-7fc7-40f6-9b3f-ae7081c0ec56,305098.31314979604,2763108.6842112374,305098.31314979604,2763108.6842112374,9400.0,300.00000000000006,19600.0
007949f5-af44-4b81-b323-da963d9e483e,57e355df-ea7a-4af2-8e3d-449e9212e434,304962.2683995232,2763572.8031730857,305098.31314979604,2763108.6842112374,500.0,1800.0,35700.0
007949f5-af44-4b81-b323-da963d9e483e,cff7b27a-edf4-49f1-b6b8-025beb5f9d2a,297192.372165592,2765167.649175983,304962.2683995232,2763572.8031730857,1700.0000000000002,700.0000000000001,21800.0
007949f5-af44-4b81-b323-da963d9e483e,08bfb28e-d9ed-4df0-931a-38e86f6d799b,297192.372165592,2765167.649175983,297192.372165592,2765167.649175983,900.0,1700.0000000000002,20799.999999999996
007949f5-af44-4b81-b323-da963d9e483e,ab3e1361-17ef-4029-93a2-d1b6af9dfc03,297192.372165592,2765167.649175983,297192.372165592,2765167.649175983,200.0,200.0,24800.0
007949f5-af44-4b81-b323-da963d9e483e,8569561f-4d8f-47eb-81ff-60bd711ae0de,297782.8874661364,2764830.201549218,297192.372165592,2765167.649175983,1700.0000000000002,4000.0,18100.0
007949f5-af44-4b81-b323-da963d9e483e,ab861c61-5815-466b-bb38-d1e2d343c249,297782.8874661364,2764830.201549218,297192.372165592,2765167.649175983,1400.0000000000002,200.0,22200.000000000004
007949f5-af44-4b81-b323-da963d9e483e,17f025a0-8b26-4705-afbb-d29c4dc614cb,297192.372165592,2765167.649175983,301073.26113337174,2766976.10191523,4800.000000000001,3200.0,12700.000000000002
007949f5-af44-4b81-b323-da963d9e483e,8b9e18d0-59cb-4797-a5d1-f1325716e316,300970.9729806601,2767203.566633546,301073.26113337174,2766976.10191523,2200.0,800.0,12200.000000000002
007949f5-af44-4b81-b323-da963d9e483e,fc51ab1f-9d9b-455a-9f49-1de5ff893202,301073.26113337174,2766976.10191523,301073.26113337174,2766976.10191523,300.00000000000006,600.0000000000001,28900.0
007949f5-af44-4b81-b323-da963d9e483e,dc8c6c07-9f9f-4cd3-bc55-80427a1b8c2a,301073.26113337174,2766976.10191523,301073.26113337174,2766976.10191523,1600.0,2300.0000000000005,13300.0
007949f5-af44-4b81-b323-da963d9e483e,5e1b5df1-f102-4a08-b68d-ed889519322e,302523.3546085577,2766858.531637561,301073.26113337174,2766976.10191523,300.00000000000006,1000.0,7900.0
007949f5-af44-4b81-b323-da963d9e483e,0d06c759-9530-4af3-91a9-5a81df520cb9,300601.54334596725,2765896.594130781,297782.8874661364,2764830.201549218,8700.000000000002,4000.0,11700.000000000002
007949f5-af44-4b81-b323-da963d9e483e,93c59731-0eb9-4b62-9cd1-f87ac9a12d12,301073.26113337174,2766976.10191523,297782.8874661364,2764830.201549218,10100.000000000002,4000.0,22900.000000000007
007949f5-af44-4b81-b323-da963d9e483e,fc53a185-4a5f-42a6-817a-b17830cefaf6,300601.54334596725,2765896.594130781,300601.54334596725,2765896.594130781,300.00000000000006,700.0000000000001,13600.000000000002
007949f5-af44-4b81-b323-da963d9e483e,41b230ea-81c0-41da-9021-ae26d12a6240,300601.54334596725,2765896.594130781,300601.54334596725,2765896.594130781,6500.0,1800.0,25299.999999999996
007949f5-af44-4b81-b323-da963d9e483e,38171e4b-ca55-4910-8da3-bc95a3568e37,300970.9729806601,2767203.566633546,300601.54334596725,2765896.594130781,100.0,3000.0,16000.0
007949f5-af44-4b81-b323-da963d9e483e,e181826e-8f28-46af-bf1c-2418521d6498,300970.9729806601,2767203.566633546,301551.44010664755,2767606.605940916,200.0,2200.0,23700.000000000007
007949f5-af44-4b81-b323-da963d9e483e,11e6e2e7-d124-47b5-88d2-2171eab4c60c,301551.44010664755,2767606.605940916,300970.9729806601,2767203.566633546,700.0000000000001,400.0,21500.0
007949f5-af44-4b81-b323-da963d9e483e,503648fc-b2ec-432a-8d89-2ace86ab5bea,304046.05231395777,2763544.678071266,300970.9729806601,2767203.566633546,1300.0,400.0,6400.0
007949f5-af44-4b81-b323-da963d9e483e,cbaf16a0-43b6-4985-9589-b17a4f584d6b,301073.26113337174,2766976.10191523,300970.9729806601,2767203.566633546,400.0,400.0,400.0
007949f5-af44-4b81-b323-da963d9e483e,0e95e48f-c656-4540-a426-12a84c9d0fbe,303296.57412129565,2763373.3767727474,304046.05231395777,2763544.678071266,100.0,100.0,5600.000000000001
007949f5-af44-4b81-b323-da963d9e483e,7856b20d-24ef-4d17-ac30-a1006607f7dc,300866.4978669704,2765006.352749306,303296.57412129565,2763373.3767727474,500.0,500.0,11500.0
007949f5-af44-4b81-b323-da963d9e483e,26557cc3-ed26-4450-9640-97cfc4d3a3e6,300904.28447949386,2761139.328894298,300866.4978669704,2765006.352749306,3100.0,900.0,15100.0
007949f5-af44-4b81-b323-da963d9e483e,c840ad9b-58a3-4be1-81ad-91d43d48489d,300904.28447949386,2761139.328894298,300904.28447949386,2761139.328894298,4100.000000000001,100.0,19500.000000000004
007949f5-af44-4b81-b323-da963d9e483e,a07f2532-1682-4435-82cf-b63607a9bed1,304287.9267174964,2761309.264093603,300904.28447949386,2761139.328894298,400.0,1800.0,9300.0
007949f5-af44-4b81-b323-da963d9e483e,077b273b-8c96-4e99-80a2-45f0f6df73d1,304287.9267174964,2761309.264093603,304287.9267174964,2761309.264093603,1400.0000000000002,700.0000000000001,16800.0
007949f5-af44-4b81-b323-da963d9e483e,fc52cd82-60f3-4cd3-b52b-cf8c3b5045fe,302230.92501094745,2763846.784552953,304287.9267174964,2761309.264093603,4600.000000000001,1700.0000000000002,21400.000000000004
007ee85d-bdf8-44c8-8f51-b787543318a3,51d558c6-a736-4490-9bc0-7b5a7ef260da,215508.2008030552,2671762.5454153726,217773.5582892305,2671290.3089864072,900.0,4500.0,15200.000000000002
007ee85d-bdf8-44c8-8f51-b787543318a3,f6612d80-e033-4d66-959f-9b23f5199934,220890.17537351392,2674670.688067009,217773.5582892305,2671290.3089864072,3300.0000000000005,4000.0,21500.0
007ee85d-bdf8-44c8-8f51-b787543318a3,f23e7569-4cf8-4593-b32a-2c03da083c6f,215508.2008030552,2671762.5454153726,214039.5263298927,2670557.329626935,1300.0,300.00000000000006,9800.0
007ee85d-bdf8-44c8-8f51-b787543318a3,0e06a1fd-772e-485d-8f39-8865c59360b0,215508.2008030552,2671762.5454153726,217464.5217402275,2672673.850154394,400.0,2100.0,11600.000000000002
007ee85d-bdf8-44c8-8f51-b787543318a3,73404a2f-5928-4d6b-bd6e-ab45d195d6e1,219411.94842605552,2674528.154501721,217464.5217402275,2672673.850154394,500.0,1700.0000000000002,12200.0
007ee85d-bdf8-44c8-8f51-b787543318a3,c1f290b6-07ca-4459-9770-84f037ace1bd,213514.6846109112,2670752.811984131,217464.5217402275,2672673.850154394,100.0,1100.0,15400.000000000002
007ee85d-bdf8-44c8-8f51-b787543318a3,e0650a6b-8977-4d94-b43b-2708f5ed0f0b,217464.5217402275,2672673.850154394,215508.2008030552,2671762.5454153726,4200.0,100.0,15400.0
007ee85d-bdf8-44c8-8f51-b787543318a3,0bd0752c-f1bd-457c-b173-3bf881f6f18e,218731.7380456405,2673340.830960721,215508.2008030552,2671762.5454153726,100.0,400.0,4900.0
007ee85d-bdf8-44c8-8f51-b787543318a3,b55afcca-dc3a-44d2-88b1-ffb03c638531,217750.06789029329,2674734.8351710797,215508.2008030552,2671762.5454153726,700.0000000000001,1100.0,7999.999999999999
007ee85d-bdf8-44c8-8f51-b787543318a3,d4bb654d-6f95-4711-8c9d-2cd99b3e0555,217750.06789029329,2674734.8351710797,215508.2008030552,2671762.5454153726,1300.0,4200.0,10400.0
007ee85d-bdf8-44c8-8f51-b787543318a3,1468cb6e-b9c1-4870-b476-f2cd9a1c795d,217464.5217402275,2672673.850154394,219411.94842605552,2674528.154501721,300.00000000000006,600.0000000000001,5100.0
007ee85d-bdf8-44c8-8f51-b787543318a3,cf9fefec-001c-49b2-90db-4b5f7b2a1def,217464.5217402275,2672673.850154394,217520.75131987085,2673579.1130198077,400.0,4400.0,9000.000000000002
007ee85d-bdf8-44c8-8f51-b787543318a3,1d90aa13-d4bb-4dae-8aff-1ac20c0899d3,217464.5217402275,2672673.850154394,216345.0976143748,2669879.102624732,100.0,1500.0,9800.0
007ee85d-bdf8-44c8-8f51-b787543318a3,e976816c-e804-402e-baec-ee989044801b,218731.7380456405,2673340.830960721,218993.0224488241,2674010.5248826663,1600.0,900.0,12600.0
007ee85d-bdf8-44c8-8f51-b787543318a3,40381f13-a891-4375-a54c-a0af882a27f3,214255.78968021116,2672373.4400051306,218993.0224488241,2674010.5248826663,700.0000000000001,1000.0,13500.0
007ee85d-bdf8-44c8-8f51-b787543318a3,7b07a27a-bfc4-4512-8f7d-442f3cdb0fd8,220834.99049252705,2672682.045951047,218731.7380456405,2673340.830960721,100.0,1400.0000000000002,18900.0
007ee85d-bdf8-44c8-8f51-b787543318a3,f082c10a-c643-4019-97a9-8e8b1052d30d,219411.94842605552,2674528.154501721,218731.7380456405,2673340.830960721,300.00000000000006,300.00000000000006,15400.000000000002
007ee85d-bdf8-44c8-8f51-b787543318a3,597686e1-f714-40b1-acc0-296d09bde085,220847.52121157452,2672747.1417641514,218565.6996575763,2673983.000177734,1300.0,1500.0,13700.000000000002
007ee85d-bdf8-44c8-8f51-b787543318a3,beba5d8c-8663-4744-b77d-91eadbe7e985,220333.2326932167,2673913.637554994,218565.6996575763,2673983.000177734,300.00000000000006,1800.0,14000.000000000002
007ee85d-bdf8-44c8-8f51-b787543318a3,0cd61fc2-b776-48ef-b65e-1cf15e5b791e,218993.0224488241,2674010.5248826663,220847.52121157452,2672747.1417641514,2200.0,900.0,11800.0
007ee85d-bdf8-44c8-8f51-b787543318a3,30ee48f0-3803-44da-bc55-9541ebae25c8,218993.0224488241,2674010.5248826663,217183.37650318776,2672334.9327896954,900.0,800.0,2300.0000000000005
007ee85d-bdf8-44c8-8f51-b787543318a3,1158e7be-7d44-4a39-bddf-a50cef314c1d,217737.54536947905,2673380.374755227,217750.06789029329,2674734.8351710797,1300.0,1100.0,9200.000000000002
007ee85d-bdf8-44c8-8f51-b787543318a3,dd2001e2-264d-4cc3-bba5-496343309188,219068.29098292923,2673626.275884174,217750.06789029329,2674734.8351710797,700.0000000000001,2600.0,10000.0
007ee85d-bdf8-44c8-8f51-b787543318a3,d6708761-6da9-415f-ab20-4bdc87b70599,216502.14689767585,2671960.2984920098,217737.54536947905,2673380.374755227,900.0,900.0,15900.0
007ee85d-bdf8-44c8-8f51-b787543318a3,1e3d4ec1-9784-4015-ad8b-65a7e250b94e,219068.29098292923,2673626.275884174,216502.14689767585,2671960.2984920098,600.0000000000001,200.0,800.0
007ee85d-bdf8-44c8-8f51-b787543318a3,b744787e-0bde-4cdb-8342-f3ba324633bc,217520.75131987085,2673579.1130198077,219068.29098292923,2673626.275884174,600.0000000000001,1300.0,9000.0
007ee85d-bdf8-44c8-8f51-b787543318a3,a79d328f-ac04-405d-b354-7a6682da33ad,217773.5582892305,2671290.3089864072,220333.2326932167,2673913.637554994,500.0,1000.0,14400.0
007ee85d-bdf8-44c8-8f51-b787543318a3,e3468863-1946-4091-81c6-2cf98bce7cb7,216345.0976143748,2669879.102624732,220333.2326932167,2673913.637554994,1000.0,1100.0,10300.0
007ee85d-bdf8-44c8-8f51-b787543318a3,97fef2b6-0358-47a4-aa10-83d56e80fe35,215115.5976432904,2673491.7785382182,214255.78968021116,2672373.4400051306,500.0,400.0,9400.0
007ee85d-bdf8-44c8-8f51-b787543318a3,51880611-1479-4aed-8313-9d179709e889,214258.37720023835,2670247.118102981,215115.5976432904,2673491.7785382182,700.0000000000001,300.00000000000006,8800.0
7365b3b9-f9ac-4742-830e-215541cfa8f3,d28f3cc0-ff73-4ae1-a19d-56e191571b69,305094.8132848267,2771318.833675201,300794.54654403165,2778801.3295660974,13500.0,2400.0000000000005,13500.0
